"Date","Price","Open","High","Low","Vol.","Change %"
"Jan 03, 2017","84.05","84.05","84.05","84.05","0.25K","1.27%"
"Jan 04, 2017","83.50","83.50","83.50","83.50","0.10K","-0.65%"
"Jan 05, 2017","83.60","83.60","83.60","83.60","0.12K","0.12%"
"Jan 06, 2017","83.05","83.05","83.05","83.05","0.05K","-0.66%"
"Jan 09, 2017","82.45","82.45","82.45","82.45","0.01K","-0.72%"
"Jan 10, 2017","83.85","83.85","83.85","83.85","0.04K","1.70%"
"Jan 11, 2017","85.50","85.50","85.50","85.50","0.04K","1.97%"
"Jan 12, 2017","85.90","85.90","85.90","85.90","0.02K","0.47%"
"Jan 13, 2017","85.65","85.65","85.65","85.65","-","-0.29%"
"Jan 17, 2017","87.45","87.45","87.45","87.45","0.05K","2.10%"
"Jan 18, 2017","87.15","87.15","87.15","87.15","-","-0.34%"
"Jan 19, 2017","86.55","86.55","86.55","86.55","0.08K","-0.69%"
"Jan 20, 2017","86.90","86.90","86.90","86.90","-","0.40%"
"Jan 23, 2017","86.80","86.80","86.80","86.80","-","-0.12%"
"Jan 24, 2017","86.35","86.35","86.35","86.35","-","-0.52%"
"Jan 25, 2017","86.25","86.25","86.25","86.25","0.01K","-0.12%"
"Jan 26, 2017","86.05","86.05","86.05","86.05","-","-0.23%"
"Jan 30, 2017","86.25","86.25","86.25","86.25","0.06K","0.23%"
"Jan 31, 2017","87.30","87.30","87.30","87.30","0.11K","1.22%"
"Feb 01, 2017","87.30","87.30","87.30","87.30","0.09K","0.00%"
"Feb 02, 2017","87.75","87.75","87.75","87.75","0.06K","0.52%"
"Feb 03, 2017","86.45","86.45","86.45","86.45","0.02K","-1.48%"
"Feb 06, 2017","85.15","85.15","85.15","85.15","0.05K","-1.50%"
"Feb 07, 2017","84.90","84.90","84.90","84.90","0.02K","-0.29%"
"Feb 08, 2017","84.35","84.35","84.35","84.35","0.03K","-0.65%"
"Feb 09, 2017","84.35","84.35","84.35","84.35","0.02K","0.00%"
"Feb 10, 2017","84.15","84.15","84.15","84.15","0.07K","-0.24%"
"Feb 13, 2017","83.70","83.70","83.70","83.70","0.02K","-0.53%"
"Feb 14, 2017","82.85","82.85","82.85","82.85","0.02K","-1.02%"
"Feb 15, 2017","83.55","83.55","83.55","83.55","0.01K","0.84%"
"Feb 16, 2017","83.50","83.50","83.50","83.50","0.02K","-0.06%"
"Feb 17, 2017","83.45","83.45","83.45","83.45","-","-0.06%"
"Feb 21, 2017","83.65","83.65","83.65","83.65","0.02K","0.24%"
"Feb 22, 2017","83.60","83.60","83.60","83.60","-","-0.06%"
"Feb 23, 2017","83.60","83.60","83.60","83.60","-","0.00%"
"Feb 24, 2017","83.25","83.25","83.25","83.25","-","-0.42%"
"Feb 27, 2017","83.65","83.65","83.65","83.65","0.01K","0.48%"
"Feb 28, 2017","83.35","83.35","83.35","83.35","0.08K","-0.36%"
"Mar 01, 2017","83.70","83.70","83.70","83.70","0.06K","0.42%"
"Mar 02, 2017","83.75","83.75","83.75","83.75","0.18K","0.06%"
"Mar 03, 2017","82.75","82.75","82.75","82.75","0.10K","-1.19%"
"Mar 06, 2017","82.75","82.75","82.75","82.75","0.05K","0.00%"
"Mar 07, 2017","81.85","81.85","81.85","81.85","0.09K","-1.09%"
"Mar 08, 2017","81.45","81.45","81.45","81.45","0.08K","-0.49%"
"Mar 09, 2017","80.25","80.25","80.25","80.25","0.05K","-1.47%"
"Mar 10, 2017","80.20","80.20","80.20","80.20","0.04K","-0.06%"
"Mar 13, 2017","80.85","80.85","80.85","80.85","0.05K","0.81%"
"Mar 14, 2017","79.90","79.90","79.90","79.90","0.03K","-1.18%"
"Mar 15, 2017","79.70","79.70","79.70","79.70","0.05K","-0.25%"
"Mar 16, 2017","79.10","79.10","79.10","79.10","0.01K","-0.75%"
"Mar 17, 2017","79.20","79.20","79.20","79.20","0.02K","0.13%"
"Mar 20, 2017","79.15","79.15","79.15","79.15","0.01K","-0.06%"
"Mar 21, 2017","79.00","79.00","79.00","79.00","0.03K","-0.19%"
"Mar 22, 2017","78.85","78.85","78.85","78.85","0.02K","-0.19%"
"Mar 23, 2017","79.20","79.20","79.20","79.20","0.07K","0.44%"
"Mar 24, 2017","79.20","79.20","79.20","79.20","-","0.00%"
"Mar 27, 2017","78.70","78.70","78.70","78.70","-","-0.63%"
"Mar 28, 2017","79.00","79.00","79.00","79.00","-","0.38%"
"Mar 29, 2017","78.85","78.85","78.85","78.85","-","-0.19%"
"Mar 30, 2017","78.80","78.80","78.80","78.80","-","-0.06%"
"Mar 31, 2017","78.70","78.70","78.70","78.70","-","-0.13%"
"Apr 03, 2017","83.00","83.00","83.00","83.00","0.10K","5.46%"
"Apr 04, 2017","81.80","81.80","81.80","81.80","0.04K","-1.45%"
"Apr 05, 2017","80.95","80.95","80.95","80.95","0.02K","-1.04%"
"Apr 06, 2017","82.20","82.20","82.20","82.20","0.14K","1.54%"
"Apr 07, 2017","81.50","81.50","81.50","81.50","0.03K","-0.85%"
"Apr 10, 2017","79.95","79.95","79.95","79.95","0.12K","-1.90%"
"Apr 11, 2017","79.10","79.10","79.10","79.10","0.02K","-1.06%"
"Apr 12, 2017","78.75","78.75","78.75","78.75","-","-0.44%"
"Apr 13, 2017","79.00","79.00","79.00","79.00","0.02K","0.32%"
"Apr 17, 2017","79.00","79.00","79.00","79.00","-","0.00%"
"Apr 18, 2017","78.85","78.85","78.85","78.85","0.05K","-0.19%"
"Apr 19, 2017","78.35","78.35","78.35","78.35","-","-0.63%"
"Apr 20, 2017","78.45","78.45","78.45","78.45","-","0.13%"
"Apr 21, 2017","78.10","78.10","78.10","78.10","-","-0.45%"
"Apr 24, 2017","77.70","77.70","77.70","77.70","-","-0.51%"
"Apr 25, 2017","77.60","77.60","77.60","77.60","-","-0.13%"
"Apr 26, 2017","77.60","77.60","77.60","77.60","-","0.00%"
"Apr 27, 2017","77.60","77.60","77.60","77.60","-","0.00%"
"Apr 28, 2017","77.35","77.35","77.35","77.35","-","-0.32%"
"May 01, 2017","77.30","77.30","77.30","77.30","-","-0.06%"
"May 02, 2017","76.75","76.75","76.75","76.75","0.03K","-0.71%"
"May 03, 2017","75.80","75.80","75.80","75.80","0.11K","-1.24%"
"May 04, 2017","75.00","75.00","75.00","75.00","0.11K","-1.06%"
"May 05, 2017","74.70","74.70","74.70","74.70","0.02K","-0.40%"
"May 08, 2017","72.90","72.90","72.90","72.90","0.03K","-2.41%"
"May 09, 2017","72.55","72.55","72.55","72.55","0.04K","-0.48%"
"May 10, 2017","72.90","72.90","72.90","72.90","0.06K","0.48%"
"May 11, 2017","72.55","72.55","72.55","72.55","0.04K","-0.48%"
"May 12, 2017","72.50","72.50","72.50","72.50","0.01K","-0.07%"
"May 15, 2017","72.50","72.50","72.50","72.50","0.07K","0.00%"
"May 16, 2017","73.00","73.00","73.00","73.00","0.13K","0.69%"
"May 17, 2017","73.30","73.30","73.30","73.30","0.09K","0.41%"
"May 18, 2017","73.05","73.05","73.05","73.05","0.01K","-0.34%"
"May 19, 2017","73.00","73.00","73.00","73.00","-","-0.07%"
"May 22, 2017","73.25","73.25","73.25","73.25","-","0.34%"
"May 23, 2017","72.95","72.95","72.95","72.95","-","-0.41%"
"May 24, 2017","72.90","72.90","72.90","72.90","0.01K","-0.07%"
"May 25, 2017","72.90","72.90","72.90","72.90","-","0.00%"
"May 30, 2017","75.10","75.10","75.10","75.10","0.05K","3.02%"
"May 31, 2017","74.60","74.60","74.60","74.60","0.05K","-0.67%"
"Jun 01, 2017","75.65","75.65","75.65","75.65","-","1.41%"
"Jun 02, 2017","76.20","76.20","76.20","76.20","-","0.73%"
"Jun 05, 2017","77.55","77.55","77.55","77.55","0.02K","1.77%"
"Jun 06, 2017","77.95","77.95","77.95","77.95","0.02K","0.52%"
"Jun 07, 2017","79.40","79.40","79.40","79.40","-","1.86%"
"Jun 08, 2017","81.00","81.00","81.00","81.00","0.07K","2.02%"
"Jun 09, 2017","80.80","80.80","80.80","80.80","-","-0.25%"
"Jun 12, 2017","79.80","79.80","79.80","79.80","0.10K","-1.24%"
"Jun 13, 2017","78.95","78.95","78.95","78.95","0.01K","-1.07%"
"Jun 14, 2017","77.65","77.65","77.65","77.65","0.08K","-1.65%"
"Jun 15, 2017","78.55","78.55","78.55","78.55","0.02K","1.16%"
"Jun 16, 2017","78.30","78.30","78.30","78.30","0.05K","-0.32%"
"Jun 19, 2017","78.65","78.65","78.65","78.65","0.02K","0.45%"
"Jun 20, 2017","78.15","78.15","78.15","78.15","0.01K","-0.64%"
"Jun 21, 2017","78.20","78.20","78.20","78.20","-","0.06%"
"Jun 22, 2017","77.80","77.80","77.80","77.80","-","-0.51%"
"Jun 23, 2017","77.75","77.75","77.75","77.75","-","-0.06%"
"Jun 26, 2017","77.80","77.80","77.80","77.80","-","0.06%"
"Jun 27, 2017","77.70","77.70","77.70","77.70","-","-0.13%"
"Jun 28, 2017","77.80","77.80","77.80","77.80","-","0.13%"
"Jun 29, 2017","77.70","77.70","77.70","77.70","-","-0.13%"
"Jun 30, 2017","77.60","77.60","77.60","77.60","-","-0.13%"
"Jul 03, 2017","78.15","78.15","78.15","78.15","0.03K","0.71%"
"Jul 05, 2017","82.50","82.50","82.50","82.50","0.04K","5.57%"
"Jul 06, 2017","84.35","84.35","84.35","84.35","0.03K","2.24%"
"Jul 07, 2017","84.05","84.05","84.05","84.05","0.02K","-0.36%"
"Jul 10, 2017","83.85","83.85","83.85","83.85","0.02K","-0.24%"
"Jul 11, 2017","83.40","83.40","83.40","83.40","0.03K","-0.54%"
"Jul 12, 2017","82.75","82.75","82.75","82.75","-","-0.78%"
"Jul 13, 2017","81.50","81.50","81.50","81.50","-","-1.51%"
"Jul 14, 2017","81.75","81.75","81.75","81.75","-","0.31%"
"Jul 17, 2017","81.75","81.75","81.75","81.75","-","0.00%"
"Jul 18, 2017","82.40","82.40","82.40","82.40","-","0.80%"
"Jul 19, 2017","82.55","82.55","82.55","82.55","0.02K","0.18%"
"Jul 20, 2017","82.70","82.70","82.70","82.70","0.02K","0.18%"
"Jul 21, 2017","82.70","82.70","82.70","82.70","-","0.00%"
"Jul 24, 2017","82.25","82.25","82.25","82.25","0.01K","-0.54%"
"Jul 25, 2017","82.20","82.20","82.20","82.20","0.01K","-0.06%"
"Jul 26, 2017","82.05","82.05","82.05","82.05","-","-0.18%"
"Jul 27, 2017","82.05","82.05","82.05","82.05","-","0.00%"
"Jul 28, 2017","81.60","81.60","81.60","81.60","-","-0.55%"
"Jul 31, 2017","84.00","84.00","84.00","84.00","-","2.94%"
"Aug 01, 2017","84.75","84.75","84.75","84.75","0.01K","0.89%"
"Aug 02, 2017","85.00","85.00","85.00","85.00","0.02K","0.29%"
"Aug 03, 2017","85.25","85.25","85.25","85.25","0.02K","0.29%"
"Aug 04, 2017","86.65","86.65","86.65","86.65","-","1.64%"
"Aug 07, 2017","86.25","86.25","86.25","86.25","0.04K","-0.46%"
"Aug 08, 2017","85.20","85.20","85.20","85.20","-","-1.22%"
"Aug 09, 2017","85.90","85.90","85.90","85.90","0.02K","0.82%"
"Aug 10, 2017","86.60","86.60","86.60","86.60","0.01K","0.81%"
"Aug 11, 2017","86.80","86.80","86.80","86.80","0.02K","0.23%"
"Aug 14, 2017","86.80","86.80","86.80","86.80","0.02K","0.00%"
"Aug 15, 2017","86.35","86.35","86.35","86.35","-","-0.52%"
"Aug 16, 2017","86.75","86.75","86.75","86.75","-","0.46%"
"Aug 17, 2017","87.60","87.60","87.60","87.60","0.02K","0.98%"
"Aug 18, 2017","87.30","87.30","87.30","87.30","0.02K","-0.34%"
"Aug 21, 2017","87.20","87.20","87.20","87.20","-","-0.11%"
"Aug 22, 2017","86.75","86.75","86.75","86.75","0.01K","-0.52%"
"Aug 23, 2017","86.90","86.90","86.90","86.90","-","0.17%"
"Aug 24, 2017","86.90","86.90","86.90","86.90","-","0.00%"
"Aug 25, 2017","86.70","86.70","86.70","86.70","-","-0.23%"
"Aug 28, 2017","90.15","90.15","90.15","90.15","-","3.98%"
"Aug 29, 2017","90.00","90.00","90.00","90.00","0.07K","-0.17%"
"Aug 30, 2017","90.10","90.10","90.10","90.10","0.07K","0.11%"
"Aug 31, 2017","89.00","89.00","89.00","89.00","0.01K","-1.22%"
"Sep 01, 2017","88.85","88.85","88.85","88.85","0.01K","-0.17%"
"Sep 05, 2017","90.30","90.30","90.30","90.30","0.07K","1.63%"
"Sep 06, 2017","90.20","90.20","90.20","90.20","0.05K","-0.11%"
"Sep 07, 2017","90.40","90.40","90.40","90.40","0.01K","0.22%"
"Sep 08, 2017","90.90","90.90","90.90","90.90","0.04K","0.55%"
"Sep 11, 2017","91.70","91.70","91.70","91.70","0.06K","0.88%"
"Sep 12, 2017","91.95","91.95","91.95","91.95","0.05K","0.27%"
"Sep 13, 2017","93.70","93.70","93.70","93.70","0.01K","1.90%"
"Sep 14, 2017","94.50","94.50","94.50","94.50","-","0.85%"
"Sep 15, 2017","92.90","92.90","92.90","92.90","0.01K","-1.69%"
"Sep 18, 2017","92.70","92.70","92.70","92.70","0.01K","-0.22%"
"Sep 19, 2017","92.85","92.85","92.85","92.85","-","0.16%"
"Sep 20, 2017","92.70","92.70","92.70","92.70","-","-0.16%"
"Sep 21, 2017","92.05","92.05","92.05","92.05","-","-0.70%"
"Sep 22, 2017","92.15","92.15","92.15","92.15","-","0.11%"
"Sep 25, 2017","92.45","92.45","92.45","92.45","0.01K","0.33%"
"Sep 26, 2017","91.95","91.95","91.95","91.95","-","-0.54%"
"Sep 27, 2017","91.80","91.80","91.80","91.80","-","-0.16%"
"Sep 28, 2017","91.70","91.70","91.70","91.70","-","-0.11%"
"Sep 29, 2017","91.50","91.50","91.50","91.50","-","-0.22%"
"Oct 02, 2017","89.40","89.40","89.40","89.40","0.03K","-2.30%"
"Oct 03, 2017","90.45","90.45","90.45","90.45","0.12K","1.17%"
"Oct 04, 2017","90.70","90.70","90.70","90.70","0.16K","0.28%"
"Oct 05, 2017","90.90","90.90","90.90","90.90","0.05K","0.22%"
"Oct 06, 2017","90.00","90.00","90.00","90.00","0.01K","-0.99%"
"Oct 09, 2017","89.95","89.95","89.95","89.95","0.02K","-0.06%"
"Oct 10, 2017","89.95","89.95","89.95","89.95","0.04K","0.00%"
"Oct 11, 2017","90.45","90.45","90.45","90.45","-","0.56%"
"Oct 12, 2017","91.05","91.05","91.05","91.05","0.04K","0.66%"
"Oct 13, 2017","91.30","91.30","91.30","91.30","0.05K","0.27%"
"Oct 16, 2017","91.85","91.85","91.85","91.85","-","0.60%"
"Oct 17, 2017","91.75","91.75","91.75","91.75","-","-0.11%"
"Oct 18, 2017","91.75","91.75","91.75","91.75","-","0.00%"
"Oct 19, 2017","91.05","91.05","91.05","91.05","-","-0.76%"
"Oct 20, 2017","91.00","91.00","91.00","91.00","0.01K","-0.05%"
"Oct 23, 2017","90.95","90.95","90.95","90.95","-","-0.05%"
"Oct 24, 2017","90.95","90.95","90.95","90.95","-","0.00%"
"Oct 25, 2017","91.05","91.05","91.05","91.05","-","0.11%"
"Oct 26, 2017","91.05","91.05","91.05","91.05","-","0.00%"
"Oct 27, 2017","91.00","91.00","91.00","91.00","-","-0.05%"
"Oct 30, 2017","92.90","92.90","92.90","92.90","0.02K","2.09%"
"Oct 31, 2017","94.50","94.50","94.50","94.50","0.01K","1.72%"
"Nov 01, 2017","95.45","95.45","95.45","95.45","0.03K","1.01%"
"Nov 02, 2017","94.80","94.80","94.80","94.80","0.06K","-0.68%"
"Nov 03, 2017","93.95","93.95","93.95","93.95","-","-0.90%"
"Nov 06, 2017","94.10","94.10","94.10","94.10","0.07K","0.16%"
"Nov 07, 2017","93.95","93.95","93.95","93.95","0.01K","-0.16%"
"Nov 08, 2017","93.55","93.55","93.55","93.55","0.03K","-0.43%"
"Nov 09, 2017","93.35","93.35","93.35","93.35","0.04K","-0.21%"
"Nov 10, 2017","93.25","93.25","93.25","93.25","0.01K","-0.11%"
"Nov 13, 2017","92.90","92.90","92.90","92.90","0.03K","-0.38%"
"Nov 14, 2017","92.25","92.25","92.25","92.25","0.02K","-0.70%"
"Nov 15, 2017","92.05","92.05","92.05","92.05","-","-0.22%"
"Nov 16, 2017","91.65","91.65","91.65","91.65","0.01K","-0.43%"
"Nov 17, 2017","91.45","91.45","91.45","91.45","-","-0.22%"
"Nov 20, 2017","91.30","91.30","91.30","91.30","0.05K","-0.16%"
"Nov 21, 2017","91.35","91.35","91.35","91.35","-","0.05%"
"Nov 22, 2017","91.30","91.30","91.30","91.30","-","-0.05%"
"Nov 24, 2017","91.30","91.30","91.30","91.30","-","0.00%"
"Nov 27, 2017","92.60","92.60","92.60","92.60","0.02K","1.42%"
"Nov 28, 2017","93.95","93.95","93.95","93.95","0.01K","1.46%"
"Nov 29, 2017","94.10","94.10","94.10","94.10","0.01K","0.16%"
"Nov 30, 2017","94.10","94.10","94.10","94.10","-","0.00%"
"Dec 01, 2017","94.50","94.50","94.50","94.50","0.02K","0.43%"
"Dec 04, 2017","95.30","95.30","95.30","95.30","0.02K","0.85%"
"Dec 05, 2017","95.45","95.45","95.45","95.45","0.03K","0.16%"
"Dec 06, 2017","95.10","95.10","95.10","95.10","0.01K","-0.37%"
"Dec 07, 2017","95.25","95.25","95.25","95.25","-","0.16%"
"Dec 08, 2017","95.65","95.65","95.65","95.65","0.02K","0.42%"
"Dec 11, 2017","95.90","95.90","95.90","95.90","-","0.26%"
"Dec 12, 2017","96.00","96.00","96.00","96.00","-","0.10%"
"Dec 13, 2017","95.00","95.00","95.00","95.00","0.03K","-1.04%"
"Dec 14, 2017","95.25","95.25","95.25","95.25","0.01K","0.26%"
"Dec 15, 2017","94.90","94.90","94.90","94.90","0.02K","-0.37%"
"Dec 18, 2017","95.20","95.20","95.20","95.20","-","0.32%"
"Dec 19, 2017","95.40","95.40","95.40","95.40","0.04K","0.21%"
"Dec 20, 2017","95.40","95.40","95.40","95.40","-","0.00%"
"Dec 21, 2017","95.25","95.25","95.25","95.25","-","-0.16%"
"Dec 22, 2017","95.25","95.25","95.25","95.25","-","0.00%"
"Dec 26, 2017","95.25","95.25","95.25","95.25","-","0.00%"
"Dec 27, 2017","95.30","95.30","95.30","95.30","-","0.05%"
"Dec 28, 2017","95.25","95.25","95.25","95.25","-","-0.05%"
"Dec 29, 2017","94.80","94.80","94.80","94.80","-","-0.47%"
"Jan 02, 2018","96.15","96.15","96.15","96.15","0.03K","1.42%"
"Jan 03, 2018","96.20","96.20","96.20","96.20","0.02K","0.05%"
"Jan 04, 2018","96.75","96.75","96.75","96.75","0.09K","0.57%"
"Jan 05, 2018","97.00","97.00","97.00","97.00","0.05K","0.26%"
"Jan 08, 2018","97.40","97.40","97.40","97.40","0.09K","0.41%"
"Jan 09, 2018","97.25","97.25","97.25","97.25","0.01K","-0.15%"
"Jan 10, 2018","97.25","97.25","97.25","97.25","0.02K","0.00%"
"Jan 11, 2018","96.95","96.95","96.95","96.95","-","-0.31%"
"Jan 12, 2018","97.25","97.25","97.25","97.25","0.04K","0.31%"
"Jan 16, 2018","97.25","97.25","97.25","97.25","0.03K","0.00%"
"Jan 17, 2018","97.40","97.40","97.40","97.40","-","0.15%"
"Jan 18, 2018","97.45","97.45","97.45","97.45","-","0.05%"
"Jan 19, 2018","97.55","97.55","97.55","97.55","0.02K","0.10%"
"Jan 22, 2018","97.55","97.55","97.55","97.55","-","0.00%"
"Jan 23, 2018","97.60","97.60","97.60","97.60","-","0.05%"
"Jan 24, 2018","97.55","97.55","97.55","97.55","-","-0.05%"
"Jan 25, 2018","97.70","97.70","97.70","97.70","-","0.15%"
"Jan 26, 2018","97.30","97.30","97.30","97.30","-","-0.41%"
"Jan 29, 2018","97.85","97.85","97.85","97.85","0.02K","0.57%"
"Jan 30, 2018","97.20","97.20","97.20","97.20","0.03K","-0.66%"
"Jan 31, 2018","95.85","95.85","95.85","95.85","0.02K","-1.39%"
"Feb 01, 2018","94.90","94.90","94.90","94.90","0.03K","-0.99%"
"Feb 02, 2018","95.10","95.10","95.10","95.10","0.05K","0.21%"
"Feb 05, 2018","94.20","94.20","94.20","94.20","-","-0.95%"
"Feb 06, 2018","92.50","92.50","92.50","92.50","0.02K","-1.80%"
"Feb 07, 2018","92.25","92.25","92.25","92.25","0.02K","-0.27%"
"Feb 08, 2018","91.00","91.00","91.00","91.00","0.01K","-1.36%"
"Feb 09, 2018","91.00","91.00","91.00","91.00","0.01K","0.00%"
"Feb 12, 2018","91.20","91.20","91.20","91.20","-","0.22%"
"Feb 13, 2018","91.70","91.70","91.70","91.70","0.06K","0.55%"
"Feb 14, 2018","93.05","93.05","93.05","93.05","0.01K","1.47%"
"Feb 15, 2018","93.10","93.10","93.10","93.10","-","0.05%"
"Feb 16, 2018","94.15","94.15","94.15","94.15","-","1.13%"
"Feb 20, 2018","94.80","94.80","94.80","94.80","0.01K","0.69%"
"Feb 21, 2018","94.70","94.70","94.70","94.70","0.01K","-0.11%"
"Feb 22, 2018","94.75","94.75","94.75","94.75","-","0.05%"
"Feb 23, 2018","94.55","94.55","94.55","94.55","-","-0.21%"
"Feb 26, 2018","94.15","94.15","94.15","94.15","0.05K","-0.42%"
"Feb 27, 2018","95.25","95.25","95.25","95.25","0.11K","1.17%"
"Feb 28, 2018","95.60","95.60","95.60","95.60","0.12K","0.37%"
"Mar 01, 2018","93.75","93.75","93.75","93.75","0.02K","-1.94%"
"Mar 02, 2018","94.40","94.40","94.40","94.40","0.01K","0.69%"
"Mar 05, 2018","94.20","94.20","94.20","94.20","0.05K","-0.21%"
"Mar 06, 2018","93.80","93.80","93.80","93.80","0.01K","-0.42%"
"Mar 07, 2018","92.00","92.00","92.00","92.00","-","-1.92%"
"Mar 08, 2018","92.30","92.30","92.30","92.30","0.02K","0.33%"
"Mar 09, 2018","92.35","92.35","92.35","92.35","-","0.05%"
"Mar 12, 2018","91.75","91.75","91.75","91.75","0.02K","-0.65%"
"Mar 13, 2018","92.30","92.30","92.30","92.30","-","0.60%"
"Mar 14, 2018","92.05","92.05","92.05","92.05","0.02K","-0.27%"
"Mar 15, 2018","92.15","92.15","92.15","92.15","0.02K","0.11%"
"Mar 16, 2018","91.70","91.70","91.70","91.70","-","-0.49%"
"Mar 19, 2018","91.75","91.75","91.75","91.75","0.01K","0.05%"
"Mar 20, 2018","91.75","91.75","91.75","91.75","0.02K","0.00%"
"Mar 21, 2018","91.50","91.50","91.50","91.50","-","-0.27%"
"Mar 22, 2018","91.20","91.20","91.20","91.20","-","-0.33%"
"Mar 23, 2018","91.25","91.25","91.25","91.25","-","0.05%"
"Mar 26, 2018","91.45","91.45","91.45","91.45","-","0.22%"
"Mar 27, 2018","91.50","91.50","91.50","91.50","-","0.05%"
"Mar 28, 2018","91.45","91.45","91.45","91.45","-","-0.05%"
"Mar 29, 2018","91.40","91.40","91.40","91.40","-","-0.05%"
"Apr 02, 2018","89.05","89.05","89.05","89.05","-","-2.57%"
"Apr 03, 2018","91.65","91.65","91.65","91.65","0.02K","2.92%"
"Apr 04, 2018","91.85","91.85","91.85","91.85","0.02K","0.22%"
"Apr 05, 2018","93.20","93.20","93.20","93.20","0.01K","1.47%"
"Apr 06, 2018","93.25","93.25","93.25","93.25","0.02K","0.05%"
"Apr 09, 2018","93.30","93.30","93.30","93.30","-","0.05%"
"Apr 10, 2018","93.30","93.30","93.30","93.30","0.04K","0.00%"
"Apr 11, 2018","93.60","93.60","93.60","93.60","0.01K","0.32%"
"Apr 12, 2018","93.80","93.80","93.80","93.80","-","0.21%"
"Apr 13, 2018","94.00","94.00","94.00","94.00","0.02K","0.21%"
"Apr 16, 2018","94.35","94.35","94.35","94.35","0.06K","0.37%"
"Apr 17, 2018","94.00","94.00","94.00","94.00","0.01K","-0.37%"
"Apr 18, 2018","94.25","94.25","94.25","94.25","0.01K","0.27%"
"Apr 19, 2018","94.50","94.50","94.50","94.50","-","0.27%"
"Apr 20, 2018","94.40","94.40","94.40","94.40","-","-0.11%"
"Apr 23, 2018","94.30","94.30","94.30","94.30","0.02K","-0.11%"
"Apr 24, 2018","94.20","94.20","94.20","94.20","-","-0.11%"
"Apr 25, 2018","94.30","94.30","94.30","94.30","-","0.11%"
"Apr 26, 2018","94.35","94.35","94.35","94.35","-","0.05%"
"Apr 27, 2018","94.15","94.15","94.15","94.15","-","-0.21%"
"Apr 30, 2018","97.25","97.25","97.25","97.25","0.03K","3.29%"
"May 01, 2018","98.30","98.30","98.30","98.30","0.04K","1.08%"
"May 02, 2018","98.55","98.55","98.55","98.55","-","0.25%"
"May 03, 2018","98.55","98.55","98.55","98.55","-","0.00%"
"May 04, 2018","99.60","99.60","99.60","99.60","-","1.07%"
"May 07, 2018","99.60","99.60","99.60","99.60","-","0.00%"
"May 08, 2018","100.65","100.65","100.65","100.65","0.02K","1.05%"
"May 09, 2018","101.20","101.20","101.20","101.20","0.02K","0.55%"
"May 10, 2018","102.00","102.00","102.00","102.00","0.01K","0.79%"
"May 11, 2018","103.20","103.20","103.20","103.20","0.03K","1.18%"
"May 14, 2018","103.75","103.75","103.75","103.75","-","0.53%"
"May 15, 2018","103.30","103.30","103.30","103.30","0.02K","-0.43%"
"May 16, 2018","103.50","103.50","103.50","103.50","0.01K","0.19%"
"May 17, 2018","103.35","103.35","103.35","103.35","0.01K","-0.14%"
"May 18, 2018","103.15","103.15","103.15","103.15","0.01K","-0.19%"
"May 21, 2018","103.05","103.05","103.05","103.05","-","-0.10%"
"May 22, 2018","103.10","103.10","103.10","103.10","-","0.05%"
"May 23, 2018","103.10","103.10","103.10","103.10","-","0.00%"
"May 24, 2018","103.20","103.20","103.20","103.20","-","0.10%"
"May 25, 2018","102.30","102.30","102.30","102.30","-","-0.87%"
"May 29, 2018","103.05","103.05","103.05","103.05","0.02K","0.73%"
"May 30, 2018","103.85","103.85","103.85","103.85","0.02K","0.78%"
"May 31, 2018","104.15","104.15","104.15","104.15","0.02K","0.29%"
"Jun 01, 2018","104.60","104.60","104.60","104.60","-","0.43%"
"Jun 04, 2018","105.30","105.30","105.30","105.30","-","0.67%"
"Jun 05, 2018","104.65","104.65","104.65","104.65","0.05K","-0.62%"
"Jun 06, 2018","104.70","104.70","104.70","104.70","0.05K","0.05%"
"Jun 07, 2018","105.65","105.65","105.65","105.65","0.05K","0.91%"
"Jun 08, 2018","105.60","105.60","105.60","105.60","0.01K","-0.05%"
"Jun 11, 2018","105.85","105.85","105.85","105.85","-","0.24%"
"Jun 12, 2018","106.15","106.15","106.15","106.15","0.04K","0.28%"
"Jun 13, 2018","106.00","106.00","106.00","106.00","0.03K","-0.14%"
"Jun 14, 2018","105.90","105.90","105.90","105.90","0.01K","-0.09%"
"Jun 15, 2018","105.80","105.80","105.80","105.80","-","-0.09%"
"Jun 18, 2018","105.80","105.80","105.80","105.80","-","0.00%"
"Jun 19, 2018","105.85","105.85","105.85","105.85","-","0.05%"
"Jun 20, 2018","105.10","105.10","105.10","105.10","0.01K","-0.71%"
"Jun 21, 2018","104.25","104.25","104.25","104.25","-","-0.81%"
"Jun 22, 2018","104.25","104.25","104.25","104.25","-","0.00%"
"Jun 25, 2018","104.25","104.25","104.25","104.25","-","0.00%"
"Jun 26, 2018","104.30","104.30","104.30","104.30","-","0.05%"
"Jun 27, 2018","104.30","104.30","104.30","104.30","-","0.00%"
"Jun 28, 2018","104.35","104.35","104.35","104.35","-","0.05%"
"Jun 29, 2018","104.45","104.45","104.45","104.45","-","0.10%"
"Jul 02, 2018","105.80","105.80","105.80","105.80","0.02K","1.29%"
"Jul 03, 2018","106.55","106.55","106.55","106.55","0.03K","0.71%"
"Jul 05, 2018","108.00","108.00","108.00","108.00","0.04K","1.36%"
"Jul 06, 2018","107.65","107.65","107.65","107.65","0.01K","-0.32%"
"Jul 09, 2018","108.60","108.60","108.60","108.60","0.01K","0.88%"
"Jul 10, 2018","108.90","108.90","108.90","108.90","0.01K","0.28%"
"Jul 11, 2018","109.05","109.05","109.05","109.05","0.01K","0.14%"
"Jul 12, 2018","107.90","107.90","107.90","107.90","-","-1.05%"
"Jul 13, 2018","107.40","107.40","107.40","107.40","-","-0.46%"
"Jul 16, 2018","107.35","107.35","107.35","107.35","-","-0.05%"
"Jul 17, 2018","107.60","107.60","107.60","107.60","-","0.23%"
"Jul 18, 2018","108.30","108.30","108.30","108.30","-","0.65%"
"Jul 19, 2018","108.30","108.30","108.30","108.30","-","0.00%"
"Jul 20, 2018","107.35","107.35","107.35","107.35","-","-0.88%"
"Jul 23, 2018","108.15","108.15","108.15","108.15","-","0.75%"
"Jul 24, 2018","108.15","108.15","108.15","108.15","-","0.00%"
"Jul 25, 2018","108.00","108.00","108.00","108.00","-","-0.14%"
"Jul 26, 2018","108.00","108.00","108.00","108.00","-","0.00%"
"Jul 27, 2018","107.90","107.90","107.90","107.90","-","-0.09%"
"Jul 30, 2018","104.15","104.15","104.15","104.15","0.03K","-3.48%"
"Jul 31, 2018","104.45","104.45","104.45","104.45","0.12K","0.29%"
"Aug 01, 2018","104.35","104.35","104.35","104.35","0.08K","-0.10%"
"Aug 02, 2018","103.50","103.50","103.50","103.50","0.02K","-0.81%"
"Aug 03, 2018","102.90","102.90","102.90","102.90","0.02K","-0.58%"
"Aug 06, 2018","103.00","103.00","103.00","103.00","0.01K","0.10%"
"Aug 07, 2018","103.25","103.25","103.25","103.25","0.04K","0.24%"
"Aug 08, 2018","102.45","102.45","102.45","102.45","0.03K","-0.77%"
"Aug 09, 2018","102.00","102.00","102.00","102.00","0.03K","-0.44%"
"Aug 10, 2018","101.75","101.75","101.75","101.75","0.01K","-0.25%"
"Aug 13, 2018","101.00","101.00","101.00","101.00","0.01K","-0.74%"
"Aug 14, 2018","101.00","101.00","101.00","101.00","-","0.00%"
"Aug 15, 2018","100.15","100.15","100.15","100.15","0.01K","-0.84%"
"Aug 16, 2018","98.90","98.90","98.90","98.90","0.04K","-1.25%"
"Aug 17, 2018","100.00","100.00","100.00","100.00","0.01K","1.11%"
"Aug 20, 2018","99.65","99.65","99.65","99.65","-","-0.35%"
"Aug 21, 2018","99.25","99.25","99.25","99.25","0.01K","-0.40%"
"Aug 22, 2018","99.25","99.25","99.25","99.25","-","0.00%"
"Aug 23, 2018","98.90","98.90","98.90","98.90","0.05K","-0.35%"
"Aug 24, 2018","99.45","99.45","99.45","99.45","0.01K","0.56%"
"Aug 27, 2018","99.45","99.45","99.45","99.45","-","0.00%"
"Aug 28, 2018","99.60","99.60","99.60","99.60","0.01K","0.15%"
"Aug 29, 2018","99.60","99.60","99.60","99.60","-","0.00%"
"Aug 30, 2018","99.60","99.60","99.60","99.60","-","0.00%"
"Aug 31, 2018","98.75","98.75","98.75","98.75","-","-0.85%"
"Sep 04, 2018","98.00","98.00","98.00","98.00","0.04K","-0.76%"
"Sep 05, 2018","98.30","98.30","98.30","98.30","0.03K","0.31%"
"Sep 06, 2018","98.80","98.80","98.80","98.80","0.05K","0.51%"
"Sep 07, 2018","99.25","99.25","99.25","99.25","0.01K","0.46%"
"Sep 10, 2018","100.80","100.80","100.80","100.80","0.07K","1.56%"
"Sep 11, 2018","101.75","101.75","101.75","101.75","0.02K","0.94%"
"Sep 12, 2018","101.05","101.05","101.05","101.05","-","-0.69%"
"Sep 13, 2018","100.10","100.10","100.10","100.10","0.03K","-0.94%"
"Sep 14, 2018","100.10","100.10","100.10","100.10","-","0.00%"
"Sep 17, 2018","99.60","99.60","99.60","99.60","-","-0.50%"
"Sep 18, 2018","98.85","98.85","98.85","98.85","0.03K","-0.75%"
"Sep 19, 2018","100.20","100.20","100.20","100.20","-","1.37%"
"Sep 20, 2018","98.85","98.85","98.85","98.85","-","-1.35%"
"Sep 21, 2018","99.15","99.15","99.15","99.15","-","0.30%"
"Sep 24, 2018","99.00","99.00","99.00","99.00","-","-0.15%"
"Sep 25, 2018","98.95","98.95","98.95","98.95","-","-0.05%"
"Sep 26, 2018","98.75","98.75","98.75","98.75","-","-0.20%"
"Sep 27, 2018","98.80","98.80","98.80","98.80","-","0.05%"
"Sep 28, 2018","98.25","98.25","98.25","98.25","-","-0.56%"
"Oct 01, 2018","101.55","101.55","101.55","101.55","0.01K","3.36%"
"Oct 02, 2018","101.65","101.65","101.65","101.65","0.16K","0.10%"
"Oct 03, 2018","101.70","101.70","101.70","101.70","0.02K","0.05%"
"Oct 04, 2018","101.95","101.95","101.95","101.95","-","0.25%"
"Oct 05, 2018","102.15","102.15","102.15","102.15","0.01K","0.20%"
"Oct 08, 2018","101.50","101.50","101.50","101.50","0.01K","-0.64%"
"Oct 09, 2018","101.10","101.10","101.10","101.10","0.01K","-0.39%"
"Oct 10, 2018","99.90","99.90","99.90","99.90","0.01K","-1.19%"
"Oct 11, 2018","99.40","99.40","99.40","99.40","-","-0.50%"
"Oct 12, 2018","99.40","99.40","99.40","99.40","-","0.00%"
"Oct 15, 2018","99.45","99.45","99.45","99.45","0.01K","0.05%"
"Oct 16, 2018","99.40","99.40","99.40","99.40","-","-0.05%"
"Oct 17, 2018","99.50","99.50","99.50","99.50","-","0.10%"
"Oct 18, 2018","99.80","99.80","99.80","99.80","-","0.30%"
"Oct 19, 2018","99.95","99.95","99.95","99.95","-","0.15%"
"Oct 22, 2018","99.70","99.70","99.70","99.70","-","-0.25%"
"Oct 23, 2018","99.85","99.85","99.85","99.85","-","0.15%"
"Oct 24, 2018","99.80","99.80","99.80","99.80","-","-0.05%"
"Oct 25, 2018","99.85","99.85","99.85","99.85","-","0.05%"
"Oct 26, 2018","99.45","99.45","99.45","99.45","-","-0.40%"
"Oct 29, 2018","98.45","98.45","98.45","98.45","-","-1.01%"
"Oct 30, 2018","98.05","98.05","98.05","98.05","0.01K","-0.41%"
"Oct 31, 2018","97.15","97.15","97.15","97.15","0.01K","-0.92%"
"Nov 01, 2018","95.60","95.60","95.60","95.60","-","-1.60%"
"Nov 02, 2018","97.90","97.90","97.90","97.90","0.01K","2.41%"
"Nov 05, 2018","97.20","97.20","97.20","97.20","-","-0.72%"
"Nov 06, 2018","96.95","96.95","96.95","96.95","-","-0.26%"
"Nov 07, 2018","97.15","97.15","97.15","97.15","-","0.21%"
"Nov 08, 2018","96.20","96.20","96.20","96.20","-","-0.98%"
"Nov 09, 2018","95.75","95.75","95.75","95.75","-","-0.47%"
"Nov 12, 2018","95.95","95.95","95.95","95.95","0.02K","0.21%"
"Nov 13, 2018","95.60","95.60","95.60","95.60","-","-0.36%"
"Nov 14, 2018","94.15","94.15","94.15","94.15","0.03K","-1.52%"
"Nov 15, 2018","94.40","94.40","94.40","94.40","0.03K","0.27%"
"Nov 16, 2018","93.60","93.60","93.60","93.60","0.02K","-0.85%"
"Nov 19, 2018","93.30","93.30","93.30","93.30","-","-0.32%"
"Nov 20, 2018","93.20","93.20","93.20","93.20","-","-0.11%"
"Nov 21, 2018","93.00","93.00","93.00","93.00","-","-0.21%"
"Nov 23, 2018","93.15","93.15","93.15","93.15","-","0.16%"
"Nov 26, 2018","92.65","92.65","92.65","92.65","-","-0.54%"
"Nov 27, 2018","92.70","92.70","92.70","92.70","-","0.05%"
"Nov 28, 2018","92.70","92.70","92.70","92.70","-","0.00%"
"Nov 29, 2018","92.70","92.70","92.70","92.70","-","0.00%"
"Nov 30, 2018","92.40","92.40","92.40","92.40","-","-0.32%"
"Dec 03, 2018","94.35","94.35","94.35","94.35","0.04K","2.11%"
"Dec 04, 2018","94.85","94.85","94.85","94.85","0.01K","0.53%"
"Dec 05, 2018","94.75","94.75","94.75","94.75","0.05K","-0.11%"
"Dec 06, 2018","94.70","94.70","94.70","94.70","-","-0.05%"
"Dec 07, 2018","94.70","94.70","94.70","94.70","-","0.00%"
"Dec 10, 2018","94.80","94.80","94.80","94.80","0.01K","0.11%"
"Dec 11, 2018","95.30","95.30","95.30","95.30","0.01K","0.53%"
"Dec 12, 2018","95.20","95.20","95.20","95.20","-","-0.10%"
"Dec 13, 2018","95.50","95.50","95.50","95.50","-","0.32%"
"Dec 14, 2018","96.25","96.25","96.25","96.25","0.05K","0.79%"
"Dec 17, 2018","96.35","96.35","96.35","96.35","-","0.10%"
"Dec 18, 2018","96.25","96.25","96.25","96.25","-","-0.10%"
"Dec 19, 2018","96.05","96.05","96.05","96.05","-","-0.21%"
"Dec 20, 2018","96.15","96.15","96.15","96.15","-","0.10%"
"Dec 21, 2018","95.95","95.95","95.95","95.95","-","-0.21%"
"Dec 24, 2018","95.85","95.85","95.85","95.85","-","-0.10%"
"Dec 26, 2018","95.85","95.85","95.85","95.85","-","0.00%"
"Dec 27, 2018","95.45","95.45","95.45","95.45","-","-0.42%"
"Dec 28, 2018","95.85","95.85","95.85","95.85","-","0.42%"
"Dec 31, 2018","96.25","96.25","96.25","96.25","-","0.42%"
"Jan 02, 2019","94.60","94.60","94.60","94.60","-","-1.71%"
"Jan 03, 2019","92.90","92.90","92.90","92.90","-","-1.80%"
"Jan 04, 2019","92.55","92.55","92.55","92.55","0.01K","-0.38%"
"Jan 07, 2019","91.60","91.60","91.60","91.60","0.01K","-1.03%"
"Jan 08, 2019","91.25","91.25","91.25","91.25","-","-0.38%"
"Jan 09, 2019","91.50","91.50","91.50","91.50","0.04K","0.27%"
"Jan 10, 2019","91.40","91.40","91.40","91.40","0.02K","-0.11%"
"Jan 11, 2019","91.50","91.50","91.50","91.50","-","0.11%"
"Jan 14, 2019","91.45","91.45","91.45","91.45","0.03K","-0.05%"
"Jan 15, 2019","91.60","91.60","91.60","91.60","0.00K","0.16%"
"Jan 16, 2019","92.45","92.45","92.45","92.45","0.03K","0.93%"
"Jan 17, 2019","92.70","92.70","92.70","92.70","0.02K","0.27%"
"Jan 18, 2019","92.35","92.35","92.35","92.35","0.01K","-0.38%"
"Jan 22, 2019","91.50","91.50","91.50","91.50","0.01K","-0.92%"
"Jan 23, 2019","91.40","91.40","91.40","91.40","-","-0.11%"
"Jan 24, 2019","91.15","91.15","91.15","91.15","-","-0.27%"
"Jan 25, 2019","91.15","91.15","91.15","91.15","0.00K","0.00%"
"Jan 28, 2019","90.65","90.65","90.65","90.65","0.06K","-0.55%"
"Jan 29, 2019","90.60","90.60","90.60","90.60","0.02K","-0.06%"
"Jan 30, 2019","90.35","90.35","90.35","90.35","0.04K","-0.28%"
"Jan 31, 2019","89.50","89.50","89.50","89.50","0.07K","-0.94%"
"Feb 01, 2019","87.75","87.75","87.75","87.75","0.08K","-1.96%"
"Feb 04, 2019","87.65","87.65","87.65","87.65","0.13K","-0.11%"
"Feb 05, 2019","87.00","87.00","87.00","87.00","0.01K","-0.74%"
"Feb 06, 2019","86.60","86.60","86.60","86.60","0.02K","-0.46%"
"Feb 07, 2019","86.05","86.05","86.05","86.05","0.06K","-0.64%"
"Feb 08, 2019","85.20","85.20","85.20","85.20","0.01K","-0.99%"
"Feb 11, 2019","84.50","84.50","84.50","84.50","0.02K","-0.82%"
"Feb 12, 2019","83.30","83.30","83.30","83.30","0.02K","-1.42%"
"Feb 13, 2019","83.40","83.40","83.40","83.40","0.03K","0.12%"
"Feb 14, 2019","82.55","82.55","82.55","82.55","0.03K","-1.02%"
"Feb 15, 2019","82.85","82.85","82.85","82.85","-","0.36%"
"Feb 19, 2019","82.70","82.70","82.70","82.70","-","-0.18%"
"Feb 20, 2019","82.75","82.75","82.75","82.75","-","0.06%"
"Feb 21, 2019","82.65","82.65","82.65","82.65","-","-0.12%"
"Feb 22, 2019","82.25","82.25","82.25","82.25","-","-0.48%"
"Feb 25, 2019","84.40","84.40","84.40","84.40","0.02K","2.61%"
"Feb 26, 2019","83.80","83.80","83.80","83.80","0.06K","-0.71%"
"Feb 27, 2019","84.00","84.00","84.00","84.00","0.03K","0.24%"
"Feb 28, 2019","84.00","84.00","84.00","84.00","0.01K","0.00%"
"Mar 01, 2019","83.90","83.90","83.90","83.90","0.01K","-0.12%"
"Mar 04, 2019","83.85","83.85","83.85","83.85","-","-0.06%"
"Mar 05, 2019","83.60","83.60","83.60","83.60","0.01K","-0.30%"
"Mar 06, 2019","81.80","81.80","81.80","81.80","0.01K","-2.15%"
"Mar 07, 2019","80.95","80.95","80.95","80.95","0.01K","-1.04%"
"Mar 08, 2019","79.60","79.60","79.60","79.60","-","-1.67%"
"Mar 11, 2019","79.05","79.05","79.05","79.05","-","-0.69%"
"Mar 12, 2019","79.25","79.25","79.25","79.25","0.02K","0.25%"
"Mar 13, 2019","78.85","78.85","78.85","78.85","-","-0.50%"
"Mar 14, 2019","78.75","78.75","78.75","78.75","0.01K","-0.13%"
"Mar 15, 2019","78.30","78.30","78.30","78.30","-","-0.57%"
"Mar 18, 2019","78.25","78.25","78.25","78.25","-","-0.06%"
"Mar 19, 2019","77.95","77.95","77.95","77.95","-","-0.38%"
"Mar 20, 2019","77.95","77.95","77.95","77.95","-","0.00%"
"Mar 21, 2019","77.55","77.55","77.55","77.55","-","-0.51%"
"Mar 22, 2019","77.35","77.35","77.35","77.35","-","-0.26%"
"Mar 25, 2019","77.40","77.40","77.40","77.40","-","0.06%"
"Mar 26, 2019","77.20","77.20","77.20","77.20","-","-0.26%"
"Mar 27, 2019","77.30","77.30","77.30","77.30","-","0.13%"
"Mar 28, 2019","77.15","77.15","77.15","77.15","-","-0.19%"
"Mar 29, 2019","75.45","75.45","75.45","75.45","-","-2.20%"
"Apr 01, 2019","69.95","69.95","69.95","69.95","0.04K","-7.29%"
"Apr 02, 2019","67.95","67.95","67.95","67.95","0.01K","-2.86%"
"Apr 03, 2019","66.60","66.60","66.60","66.60","0.06K","-1.99%"
"Apr 04, 2019","68.45","68.45","68.45","68.45","-","2.78%"
"Apr 05, 2019","69.65","69.65","69.65","69.65","0.03K","1.75%"
"Apr 08, 2019","70.50","70.50","70.50","70.50","0.02K","1.22%"
"Apr 09, 2019","71.00","71.00","71.00","71.00","0.03K","0.71%"
"Apr 10, 2019","70.45","70.45","70.45","70.45","-","-0.77%"
"Apr 11, 2019","70.00","70.00","70.00","70.00","-","-0.64%"
"Apr 12, 2019","69.75","69.75","69.75","69.75","-","-0.36%"
"Apr 15, 2019","69.00","69.00","69.00","69.00","0.01K","-1.08%"
"Apr 16, 2019","69.10","69.10","69.10","69.10","-","0.14%"
"Apr 17, 2019","69.40","69.40","69.40","69.40","-","0.43%"
"Apr 18, 2019","69.20","69.20","69.20","69.20","-","-0.29%"
"Apr 22, 2019","69.20","69.20","69.20","69.20","-","0.00%"
"Apr 23, 2019","69.35","69.35","69.35","69.35","-","0.22%"
"Apr 24, 2019","69.15","69.15","69.15","69.15","-","-0.29%"
"Apr 25, 2019","69.25","69.25","69.25","69.25","-","0.14%"
"Apr 26, 2019","68.60","68.60","68.60","68.60","-","-0.94%"
"Apr 29, 2019","70.75","70.75","70.75","70.75","0.01K","3.13%"
"Apr 30, 2019","71.00","71.00","71.00","71.00","0.01K","0.35%"
"May 01, 2019","71.60","71.60","71.60","71.60","-","0.85%"
"May 02, 2019","72.15","72.15","72.15","72.15","-","0.77%"
"May 03, 2019","72.40","72.40","72.40","72.40","-","0.35%"
"May 06, 2019","72.40","72.40","72.40","72.40","-","0.00%"
"May 07, 2019","72.00","72.00","72.00","72.00","0.02K","-0.55%"
"May 08, 2019","72.30","72.30","72.30","72.30","0.04K","0.42%"
"May 09, 2019","72.00","72.00","72.00","72.00","0.05K","-0.41%"
"May 10, 2019","71.60","71.60","71.60","71.60","-","-0.56%"
"May 13, 2019","69.85","69.85","69.85","69.85","0.01K","-2.44%"
"May 14, 2019","69.75","69.75","69.75","69.75","-","-0.14%"
"May 15, 2019","68.75","68.75","68.75","68.75","-","-1.43%"
"May 16, 2019","68.55","68.55","68.55","68.55","-","-0.29%"
"May 17, 2019","68.10","68.10","68.10","68.10","-","-0.66%"
"May 20, 2019","67.75","67.75","67.75","67.75","-","-0.51%"
"May 21, 2019","67.65","67.65","67.65","67.65","0.01K","-0.15%"
"May 22, 2019","67.75","67.75","67.75","67.75","-","0.15%"
"May 23, 2019","67.25","67.25","67.25","67.25","-","-0.74%"
"May 24, 2019","67.35","67.35","67.35","67.35","-","0.15%"
"May 28, 2019","67.00","67.00","67.00","67.00","-","-0.52%"
"May 29, 2019","66.65","66.65","66.65","66.65","0.01K","-0.52%"
"May 30, 2019","66.65","66.65","66.65","66.65","-","0.00%"
"May 31, 2019","66.15","66.15","66.15","66.15","-","-0.75%"
"Jun 03, 2019","61.00","61.00","61.00","61.00","-","-7.79%"
"Jun 04, 2019","61.95","61.95","61.95","61.95","0.02K","1.56%"
"Jun 05, 2019","62.15","62.15","62.15","62.15","-","0.32%"
"Jun 06, 2019","63.55","63.55","63.55","63.55","-","2.25%"
"Jun 07, 2019","64.40","64.40","64.40","64.40","-","1.34%"
"Jun 10, 2019","65.60","65.60","65.60","65.60","-","1.86%"
"Jun 11, 2019","65.65","65.65","65.65","65.65","-","0.08%"
"Jun 12, 2019","63.70","63.70","63.70","63.70","0.01K","-2.97%"
"Jun 13, 2019","63.25","63.25","63.25","63.25","-","-0.71%"
"Jun 14, 2019","62.80","62.80","62.80","62.80","-","-0.71%"
"Jun 17, 2019","62.00","62.00","62.00","62.00","0.01K","-1.27%"
"Jun 18, 2019","61.80","61.80","61.80","61.80","-","-0.32%"
"Jun 19, 2019","62.10","62.10","62.10","62.10","-","0.49%"
"Jun 20, 2019","63.00","63.00","63.00","63.00","-","1.45%"
"Jun 21, 2019","63.20","63.20","63.20","63.20","-","0.32%"
"Jun 24, 2019","63.10","63.10","63.10","63.10","-","-0.16%"
"Jun 25, 2019","63.05","63.05","63.05","63.05","-","-0.08%"
"Jun 26, 2019","63.00","63.00","63.00","63.00","-","-0.08%"
"Jun 27, 2019","63.00","63.00","63.00","63.00","-","0.00%"
"Jun 28, 2019","63.15","63.15","63.15","63.15","-","0.24%"
"Jul 01, 2019","63.80","63.80","63.80","63.80","0.01K","1.03%"
"Jul 02, 2019","64.70","64.70","64.70","64.70","0.07K","1.41%"
"Jul 03, 2019","65.10","65.10","65.10","65.10","-","0.62%"
"Jul 05, 2019","67.05","67.05","67.05","67.05","0.13K","3.00%"
"Jul 08, 2019","67.00","67.00","67.00","67.00","-","-0.07%"
"Jul 09, 2019","65.65","65.65","65.65","65.65","0.01K","-2.01%"
"Jul 10, 2019","65.95","65.95","65.95","65.95","0.03K","0.46%"
"Jul 11, 2019","66.30","66.30","66.30","66.30","-","0.53%"
"Jul 12, 2019","65.90","65.90","65.90","65.90","-","-0.60%"
"Jul 15, 2019","64.95","64.95","64.95","64.95","0.02K","-1.44%"
"Jul 16, 2019","64.45","64.45","64.45","64.45","0.02K","-0.77%"
"Jul 17, 2019","65.25","65.25","65.25","65.25","0.01K","1.24%"
"Jul 18, 2019","65.70","65.70","65.70","65.70","-","0.69%"
"Jul 19, 2019","66.00","66.00","66.00","66.00","-","0.46%"
"Jul 22, 2019","65.80","65.80","65.80","65.80","-","-0.30%"
"Jul 23, 2019","65.80","65.80","65.80","65.80","-","0.00%"
"Jul 24, 2019","65.75","65.75","65.75","65.75","-","-0.08%"
"Jul 25, 2019","65.80","65.80","65.80","65.80","-","0.08%"
"Jul 26, 2019","65.70","65.70","65.70","65.70","-","-0.15%"
"Jul 29, 2019","64.70","64.70","64.70","64.70","-","-1.52%"
"Jul 30, 2019","64.45","64.45","64.45","64.45","0.03K","-0.39%"
"Jul 31, 2019","63.60","63.60","63.60","63.60","0.01K","-1.32%"
"Aug 01, 2019","63.85","63.85","63.85","63.85","-","0.39%"
"Aug 02, 2019","63.05","63.05","63.05","63.05","0.03K","-1.25%"
"Aug 05, 2019","62.05","62.05","62.05","62.05","-","-1.59%"
"Aug 06, 2019","60.00","60.00","60.00","60.00","0.03K","-3.30%"
"Aug 07, 2019","59.50","59.50","59.50","59.50","-","-0.83%"
"Aug 08, 2019","60.05","60.05","60.05","60.05","0.02K","0.92%"
"Aug 09, 2019","60.35","60.35","60.35","60.35","0.01K","0.50%"
"Aug 12, 2019","60.55","60.55","60.55","60.55","-","0.33%"
"Aug 13, 2019","60.50","60.50","60.50","60.50","-","-0.08%"
"Aug 14, 2019","60.35","60.35","60.35","60.35","-","-0.25%"
"Aug 15, 2019","59.85","59.85","59.85","59.85","-","-0.83%"
"Aug 16, 2019","59.50","59.50","59.50","59.50","-","-0.58%"
"Aug 19, 2019","59.80","59.80","59.80","59.80","-","0.50%"
"Aug 20, 2019","60.00","60.00","60.00","60.00","-","0.33%"
"Aug 21, 2019","60.00","60.00","60.00","60.00","-","0.00%"
"Aug 22, 2019","59.75","59.75","59.75","59.75","-","-0.42%"
"Aug 23, 2019","59.80","59.80","59.80","59.80","-","0.08%"
"Aug 26, 2019","59.80","59.80","59.80","59.80","-","0.00%"
"Aug 27, 2019","59.65","59.65","59.65","59.65","-","-0.25%"
"Aug 28, 2019","59.45","59.45","59.45","59.45","-","-0.34%"
"Aug 29, 2019","59.40","59.40","59.40","59.40","-","-0.08%"
"Aug 30, 2019","59.25","59.25","59.25","59.25","-","-0.25%"
"Sep 03, 2019","60.95","60.95","60.95","60.95","0.04K","2.87%"
"Sep 04, 2019","61.00","61.00","61.00","61.00","0.01K","0.08%"
"Sep 05, 2019","61.15","61.15","61.15","61.15","0.01K","0.25%"
"Sep 06, 2019","59.85","59.85","59.85","59.85","0.04K","-2.13%"
"Sep 09, 2019","59.20","59.20","59.20","59.20","0.05K","-1.09%"
"Sep 10, 2019","60.50","60.50","60.50","60.50","-","2.20%"
"Sep 11, 2019","59.85","59.85","59.85","59.85","-","-1.07%"
"Sep 12, 2019","60.00","60.00","60.00","60.00","-","0.25%"
"Sep 13, 2019","60.10","60.10","60.10","60.10","-","0.17%"
"Sep 16, 2019","61.05","61.05","61.05","61.05","-","1.58%"
"Sep 17, 2019","60.85","60.85","60.85","60.85","-","-0.33%"
"Sep 18, 2019","60.45","60.45","60.45","60.45","-","-0.66%"
"Sep 19, 2019","60.25","60.25","60.25","60.25","-","-0.33%"
"Sep 20, 2019","60.45","60.45","60.45","60.45","-","0.33%"
"Sep 23, 2019","60.00","60.00","60.00","60.00","-","-0.74%"
"Sep 24, 2019","60.10","60.10","60.10","60.10","-","0.17%"
"Sep 25, 2019","60.00","60.00","60.00","60.00","-","-0.17%"
"Sep 26, 2019","60.00","60.00","60.00","60.00","-","0.00%"
"Sep 27, 2019","59.55","59.55","59.55","59.55","-","-0.75%"
"Sep 30, 2019","63.15","63.15","63.15","63.15","0.03K","6.05%"
"Oct 01, 2019","62.70","62.70","62.70","62.70","-","-0.71%"
"Oct 02, 2019","62.05","62.05","62.05","62.05","0.01K","-1.04%"
"Oct 03, 2019","62.05","62.05","62.05","62.05","0.01K","0.00%"
"Oct 04, 2019","63.50","63.50","63.50","63.50","0.01K","2.34%"
"Oct 07, 2019","65.60","65.60","65.60","65.60","0.01K","3.31%"
"Oct 08, 2019","66.70","66.70","66.70","66.70","-","1.68%"
"Oct 09, 2019","66.55","66.55","66.55","66.55","0.05K","-0.22%"
"Oct 10, 2019","66.15","66.15","66.15","66.15","-","-0.60%"
"Oct 11, 2019","66.30","66.30","66.30","66.30","-","0.23%"
"Oct 14, 2019","66.70","66.70","66.70","66.70","0.00K","0.60%"
"Oct 15, 2019","66.75","66.75","66.75","66.75","-","0.07%"
"Oct 16, 2019","66.85","66.85","66.85","66.85","0.04K","0.15%"
"Oct 17, 2019","67.20","67.20","67.20","67.20","0.01K","0.52%"
"Oct 18, 2019","67.15","67.15","67.15","67.15","0.06K","-0.07%"
"Oct 21, 2019","67.75","67.75","67.75","67.75","-","0.89%"
"Oct 22, 2019","67.70","67.70","67.70","67.70","-","-0.07%"
"Oct 23, 2019","67.60","67.60","67.60","67.60","-","-0.15%"
"Oct 24, 2019","67.60","67.60","67.60","67.60","-","0.00%"
"Oct 25, 2019","67.60","67.60","67.60","67.60","-","0.00%"
"Oct 28, 2019","66.60","66.60","66.60","66.60","-","-1.48%"
"Oct 29, 2019","66.40","66.40","66.40","66.40","-","-0.30%"
"Oct 30, 2019","66.05","66.05","66.05","66.05","0.06K","-0.53%"
"Oct 31, 2019","66.85","66.85","66.85","66.85","0.01K","1.21%"
"Nov 01, 2019","67.75","67.75","67.75","67.75","-","1.35%"
"Nov 04, 2019","68.40","68.40","68.40","68.40","0.03K","0.96%"
"Nov 05, 2019","69.05","69.05","69.05","69.05","0.01K","0.95%"
"Nov 06, 2019","69.25","69.25","69.25","69.25","-","0.29%"
"Nov 07, 2019","69.30","69.30","69.30","69.30","-","0.07%"
"Nov 08, 2019","69.05","69.05","69.05","69.05","-","-0.36%"
"Nov 11, 2019","70.10","70.10","70.10","70.10","-","1.52%"
"Nov 12, 2019","70.50","70.50","70.50","70.50","-","0.57%"
"Nov 13, 2019","70.40","70.40","70.40","70.40","-","-0.14%"
"Nov 14, 2019","70.80","70.80","70.80","70.80","-","0.57%"
"Nov 15, 2019","71.60","71.60","71.60","71.60","-","1.13%"
"Nov 18, 2019","73.20","73.20","73.20","73.20","-","2.23%"
"Nov 19, 2019","74.50","74.50","74.50","74.50","-","1.78%"
"Nov 20, 2019","75.50","75.50","75.50","75.50","-","1.34%"
"Nov 21, 2019","75.95","75.95","75.95","75.95","-","0.60%"
"Nov 22, 2019","76.05","76.05","76.05","76.05","-","0.13%"
"Nov 25, 2019","75.75","75.75","75.75","75.75","-","-0.39%"
"Nov 26, 2019","75.75","75.75","75.75","75.75","-","0.00%"
"Nov 27, 2019","75.85","75.85","75.85","75.85","-","0.13%"
"Nov 29, 2019","75.85","75.85","75.85","75.85","-","0.00%"
"Dec 02, 2019","82.80","82.80","82.80","82.80","-","9.16%"
"Dec 03, 2019","83.00","83.00","83.00","83.00","-","0.24%"
"Dec 04, 2019","82.00","82.00","82.00","82.00","0.15K","-1.20%"
"Dec 05, 2019","82.50","82.50","82.50","82.50","-","0.61%"
"Dec 06, 2019","82.00","82.00","82.00","82.00","-","-0.61%"
"Dec 09, 2019","82.00","82.00","82.00","82.00","0.03K","0.00%"
"Dec 10, 2019","82.30","82.30","82.30","82.30","0.01K","0.37%"
"Dec 11, 2019","82.25","82.25","82.25","82.25","-","-0.06%"
"Dec 12, 2019","81.90","81.90","81.90","81.90","-","-0.43%"
"Dec 13, 2019","81.65","81.65","81.65","81.65","-","-0.31%"
"Dec 16, 2019","81.70","81.70","81.70","81.70","-","0.06%"
"Dec 17, 2019","82.20","82.20","82.20","82.20","0.02K","0.61%"
"Dec 18, 2019","82.25","82.25","82.25","82.25","0.01K","0.06%"
"Dec 19, 2019","82.25","82.25","82.25","82.25","-","0.00%"
"Dec 20, 2019","82.30","82.30","82.30","82.30","-","0.06%"
"Dec 23, 2019","82.30","82.30","82.30","82.30","-","0.00%"
"Dec 24, 2019","82.30","82.30","82.30","82.30","-","0.00%"
"Dec 26, 2019","82.30","82.30","82.30","82.30","-","0.00%"
"Dec 27, 2019","84.05","84.05","84.05","84.05","-","2.13%"
"Dec 30, 2019","78.85","78.85","78.85","78.85","0.01K","-6.19%"
"Dec 31, 2019","79.75","79.75","79.75","79.75","0.02K","1.14%"
"Jan 02, 2020","79.90","79.90","79.90","79.90","0.02K","0.19%"
"Jan 03, 2020","80.10","80.10","80.10","80.10","0.05K","0.25%"
"Jan 06, 2020","81.90","81.90","81.90","81.90","0.03K","2.25%"
"Jan 07, 2020","85.10","85.10","85.10","85.10","0.02K","3.91%"
"Jan 08, 2020","85.60","85.60","85.60","85.60","0.01K","0.59%"
"Jan 09, 2020","86.95","86.95","86.95","86.95","-","1.58%"
"Jan 10, 2020","92.70","92.70","92.70","92.70","0.02K","6.61%"
"Jan 13, 2020","90.90","90.90","90.90","90.90","-","-1.94%"
"Jan 14, 2020","86.95","86.95","86.95","86.95","0.01K","-4.35%"
"Jan 15, 2020","86.00","86.00","86.00","86.00","-","-1.09%"
"Jan 16, 2020","86.75","86.75","86.75","86.75","-","0.87%"
"Jan 17, 2020","87.00","87.00","87.00","87.00","-","0.29%"
"Jan 21, 2020","86.50","86.50","86.50","86.50","-","-0.57%"
"Jan 22, 2020","86.50","86.50","86.50","86.50","-","0.00%"
"Jan 23, 2020","86.60","86.60","86.60","86.60","-","0.12%"
"Jan 24, 2020","86.65","86.65","86.65","86.65","-","0.06%"
"Jan 27, 2020","86.20","86.20","86.20","86.20","-","-0.52%"
"Jan 28, 2020","86.30","86.30","86.30","86.30","-","0.12%"
"Jan 29, 2020","86.55","86.55","86.55","86.55","-","0.29%"
"Jan 30, 2020","86.20","86.20","86.20","86.20","-","-0.40%"
"Jan 31, 2020","86.20","86.20","86.20","86.20","-","0.00%"
"Feb 03, 2020","80.50","80.50","80.50","80.50","0.05K","-6.61%"
"Feb 04, 2020","83.65","83.65","83.65","83.65","0.05K","3.91%"
"Feb 05, 2020","85.00","85.00","85.00","85.00","0.01K","1.61%"
"Feb 06, 2020","84.70","84.70","84.70","84.70","0.01K","-0.35%"
"Feb 07, 2020","83.15","83.15","83.15","83.15","0.06K","-1.83%"
"Feb 10, 2020","84.75","84.75","84.75","84.75","0.01K","1.92%"
"Feb 11, 2020","85.25","85.25","85.25","85.25","0.01K","0.59%"
"Feb 12, 2020","85.05","85.05","85.05","85.05","-","-0.23%"
"Feb 13, 2020","85.00","85.00","85.00","85.00","-","-0.06%"
"Feb 14, 2020","84.90","84.90","84.90","84.90","0.02K","-0.12%"
"Feb 18, 2020","84.25","84.25","84.25","84.25","-","-0.77%"
"Feb 19, 2020","84.00","84.00","84.00","84.00","-","-0.30%"
"Feb 20, 2020","83.50","83.50","83.50","83.50","-","-0.60%"
"Feb 21, 2020","83.30","83.30","83.30","83.30","-","-0.24%"
"Feb 24, 2020","83.10","83.10","83.10","83.10","-","-0.24%"
"Feb 25, 2020","83.00","83.00","83.00","83.00","0.01K","-0.12%"
"Feb 26, 2020","82.90","82.90","82.90","82.90","0.01K","-0.12%"
"Feb 27, 2020","82.80","82.80","82.80","82.80","-","-0.12%"
"Feb 28, 2020","82.55","82.55","82.55","82.55","-","-0.30%"
"Mar 02, 2020","74.35","74.35","74.35","74.35","-","-9.93%"
"Mar 03, 2020","73.10","73.10","73.10","73.10","0.01K","-1.68%"
"Mar 04, 2020","71.50","71.50","71.50","71.50","0.01K","-2.19%"
"Mar 05, 2020","69.60","69.60","69.60","69.60","-","-2.66%"
"Mar 06, 2020","67.00","67.00","67.00","67.00","-","-3.74%"
"Mar 09, 2020","65.30","65.30","65.30","65.30","0.01K","-2.54%"
"Mar 10, 2020","65.30","65.30","65.30","65.30","-","0.00%"
"Mar 11, 2020","66.90","66.90","66.90","66.90","0.01K","2.45%"
"Mar 12, 2020","65.95","65.95","65.95","65.95","0.02K","-1.42%"
"Mar 13, 2020","65.95","65.95","65.95","65.95","-","0.00%"
"Mar 16, 2020","65.45","65.45","65.45","65.45","-","-0.76%"
"Mar 17, 2020","65.15","65.15","65.15","65.15","-","-0.46%"
"Mar 18, 2020","64.50","64.50","64.50","64.50","0.02K","-1.00%"
"Mar 19, 2020","62.90","62.90","62.90","62.90","-","-2.48%"
"Mar 20, 2020","63.50","63.50","63.50","63.50","-","0.95%"
"Mar 23, 2020","62.30","62.30","62.30","62.30","-","-1.89%"
"Mar 24, 2020","62.25","62.25","62.25","62.25","-","-0.08%"
"Mar 25, 2020","63.50","63.50","63.50","63.50","-","2.01%"
"Mar 26, 2020","64.00","64.00","64.00","64.00","-","0.79%"
"Mar 27, 2020","65.25","65.25","65.25","65.25","-","1.95%"
"Mar 30, 2020","68.10","68.10","68.10","68.10","0.01K","4.37%"
"Mar 31, 2020","73.50","73.50","73.50","73.50","0.01K","7.93%"
"Apr 01, 2020","72.20","72.20","72.20","72.20","-","-1.77%"
"Apr 02, 2020","67.50","67.50","67.50","67.50","0.01K","-6.51%"
"Apr 03, 2020","66.75","66.75","66.75","66.75","-","-1.11%"
"Apr 06, 2020","66.15","66.15","66.15","66.15","-","-0.90%"
"Apr 07, 2020","64.50","64.50","64.50","64.50","-","-2.49%"
"Apr 08, 2020","60.55","60.55","60.55","60.55","-","-6.12%"
"Apr 09, 2020","60.25","60.25","60.25","60.25","-","-0.50%"
"Apr 13, 2020","60.25","60.25","60.25","60.25","-","0.00%"
"Apr 14, 2020","58.60","58.60","58.60","58.60","-","-2.74%"
"Apr 15, 2020","58.20","58.20","58.20","58.20","-","-0.68%"
"Apr 16, 2020","59.45","59.45","59.45","59.45","-","2.15%"
"Apr 17, 2020","58.50","58.50","58.50","58.50","0.01K","-1.60%"
"Apr 20, 2020","56.90","56.90","56.90","56.90","0.03K","-2.74%"
"Apr 21, 2020","56.80","56.80","56.80","56.80","-","-0.18%"
"Apr 22, 2020","56.90","56.90","56.90","56.90","-","0.18%"
"Apr 23, 2020","57.00","57.00","57.00","57.00","-","0.18%"
"Apr 24, 2020","56.70","56.70","56.70","56.70","-","-0.53%"
"Apr 27, 2020","48.75","48.75","48.75","48.75","-","-14.02%"
"Apr 28, 2020","49.40","49.40","49.40","49.40","0.06K","1.33%"
"Apr 29, 2020","50.75","50.75","50.75","50.75","-","2.73%"
"Apr 30, 2020","52.70","52.70","52.70","52.70","0.15K","3.84%"
"May 01, 2020","52.65","52.65","52.65","52.65","0.02K","-0.09%"
"May 04, 2020","51.00","51.00","51.00","51.00","-","-3.13%"
"May 05, 2020","52.25","52.25","52.25","52.25","-","2.45%"
"May 06, 2020","52.50","52.50","52.50","52.50","-","0.48%"
"May 07, 2020","53.25","53.25","53.25","53.25","-","1.43%"
"May 08, 2020","53.25","53.25","53.25","53.25","-","0.00%"
"May 11, 2020","53.25","53.25","53.25","53.25","-","0.00%"
"May 12, 2020","52.75","52.75","52.75","52.75","-","-0.94%"
"May 13, 2020","52.75","52.75","52.75","52.75","-","0.00%"
"May 14, 2020","53.10","53.10","53.10","53.10","-","0.66%"
"May 15, 2020","53.45","53.45","53.45","53.45","-","0.66%"
"May 18, 2020","53.00","53.00","53.00","53.00","-","-0.84%"
"May 19, 2020","53.10","53.10","53.10","53.10","-","0.19%"
"May 20, 2020","53.85","53.85","53.85","53.85","-","1.41%"
"May 21, 2020","53.75","53.75","53.75","53.75","-","-0.19%"
"May 22, 2020","53.50","53.50","53.50","53.50","-","-0.47%"
"May 26, 2020","53.35","53.35","53.35","53.35","-","-0.28%"
"May 27, 2020","53.50","53.50","53.50","53.50","-","0.28%"
"May 28, 2020","53.55","53.55","53.55","53.55","-","0.09%"
"May 29, 2020","52.95","52.95","52.95","52.95","-","-1.12%"
"Jun 01, 2020","59.90","59.90","59.90","59.90","0.01K","13.13%"
"Jun 02, 2020","60.60","60.60","60.60","60.60","-","1.17%"
"Jun 03, 2020","60.90","60.90","60.90","60.90","-","0.50%"
"Jun 04, 2020","59.80","59.80","59.80","59.80","-","-1.81%"
"Jun 05, 2020","59.65","59.65","59.65","59.65","0.02K","-0.25%"
"Jun 08, 2020","59.50","59.50","59.50","59.50","-","-0.25%"
"Jun 09, 2020","58.35","58.35","58.35","58.35","-","-1.93%"
"Jun 10, 2020","56.75","56.75","56.75","56.75","-","-2.74%"
"Jun 11, 2020","56.65","56.65","56.65","56.65","-","-0.18%"
"Jun 12, 2020","56.95","56.95","56.95","56.95","-","0.53%"
"Jun 15, 2020","56.80","56.80","56.80","56.80","-","-0.26%"
"Jun 16, 2020","56.35","56.35","56.35","56.35","0.01K","-0.79%"
"Jun 17, 2020","55.85","55.85","55.85","55.85","-","-0.89%"
"Jun 18, 2020","55.90","55.90","55.90","55.90","-","0.09%"
"Jun 19, 2020","56.00","56.00","56.00","56.00","0.01K","0.18%"
"Jun 22, 2020","55.85","55.85","55.85","55.85","-","-0.27%"
"Jun 23, 2020","55.75","55.75","55.75","55.75","-","-0.18%"
"Jun 24, 2020","55.75","55.75","55.75","55.75","-","0.00%"
"Jun 25, 2020","55.75","55.75","55.75","55.75","-","0.00%"
"Jun 26, 2020","54.70","54.70","54.70","54.70","-","-1.88%"
"Jun 29, 2020","55.65","55.65","55.65","55.65","0.01K","1.74%"
"Jun 30, 2020","54.65","54.65","54.65","54.65","0.02K","-1.80%"
"Jul 01, 2020","54.25","54.25","54.25","54.25","0.02K","-0.73%"
"Jul 02, 2020","54.90","54.90","54.90","54.90","-","1.20%"
"Jul 06, 2020","55.20","55.20","55.20","55.20","0.01K","0.55%"
"Jul 07, 2020","55.00","55.00","55.00","55.00","0.01K","-0.36%"
"Jul 08, 2020","54.75","54.75","54.75","54.75","-","-0.45%"
"Jul 09, 2020","53.95","53.95","53.95","53.95","-","-1.46%"
"Jul 10, 2020","54.00","54.00","54.00","54.00","-","0.09%"
"Jul 13, 2020","54.20","54.20","54.20","54.20","-","0.37%"
"Jul 14, 2020","54.50","54.50","54.50","54.50","-","0.55%"
"Jul 15, 2020","54.90","54.90","54.90","54.90","-","0.73%"
"Jul 16, 2020","54.75","54.75","54.75","54.75","-","-0.27%"
"Jul 17, 2020","54.95","54.95","54.95","54.95","-","0.37%"
"Jul 20, 2020","54.80","54.80","54.80","54.80","-","-0.27%"
"Jul 21, 2020","54.75","54.75","54.75","54.75","-","-0.09%"
"Jul 22, 2020","54.50","54.50","54.50","54.50","-","-0.46%"
"Jul 23, 2020","54.45","54.45","54.45","54.45","-","-0.09%"
"Jul 24, 2020","54.20","54.20","54.20","54.20","-","-0.46%"
"Jul 27, 2020","53.85","53.85","53.85","53.85","-","-0.65%"
"Jul 28, 2020","54.10","54.10","54.10","54.10","-","0.46%"
"Jul 29, 2020","53.80","53.80","53.80","53.80","-","-0.55%"
"Jul 30, 2020","53.75","53.75","53.75","53.75","-","-0.09%"
"Jul 31, 2020","53.45","53.45","53.45","53.45","-","-0.56%"
"Aug 03, 2020","56.40","56.40","56.40","56.40","-","5.52%"
"Aug 04, 2020","56.05","56.05","56.05","56.05","0.01K","-0.62%"
"Aug 05, 2020","55.40","55.40","55.40","55.40","0.01K","-1.16%"
"Aug 06, 2020","54.40","54.40","54.40","54.40","0.02K","-1.81%"
"Aug 07, 2020","54.75","54.75","54.75","54.75","0.01K","0.64%"
"Aug 10, 2020","54.45","54.45","54.45","54.45","0.01K","-0.55%"
"Aug 11, 2020","54.30","54.30","54.30","54.30","-","-0.28%"
"Aug 12, 2020","54.15","54.15","54.15","54.15","0.02K","-0.28%"
"Aug 13, 2020","54.30","54.30","54.30","54.30","-","0.28%"
"Aug 14, 2020","55.40","55.40","55.40","55.40","-","2.03%"
"Aug 17, 2020","55.65","55.65","55.65","55.65","0.10K","0.45%"
"Aug 18, 2020","55.75","55.75","55.75","55.75","-","0.18%"
"Aug 19, 2020","55.70","55.70","55.70","55.70","-","-0.09%"
"Aug 20, 2020","55.65","55.65","55.65","55.65","-","-0.09%"
"Aug 21, 2020","55.50","55.50","55.50","55.50","0.05K","-0.27%"
"Aug 24, 2020","55.45","55.45","55.45","55.45","-","-0.09%"
"Aug 25, 2020","55.00","55.00","55.00","55.00","-","-0.81%"
"Aug 26, 2020","55.05","55.05","55.05","55.05","-","0.09%"
"Aug 27, 2020","55.05","55.05","55.05","55.05","-","0.00%"
"Aug 28, 2020","55.10","55.10","55.10","55.10","-","0.09%"
"Aug 31, 2020","57.90","57.90","57.90","57.90","-","5.08%"
"Sep 01, 2020","58.60","58.60","58.60","58.60","-","1.21%"
"Sep 02, 2020","57.70","57.70","57.70","57.70","-","-1.54%"
"Sep 03, 2020","57.40","57.40","57.40","57.40","0.04K","-0.52%"
"Sep 04, 2020","56.85","56.85","56.85","56.85","-","-0.96%"
"Sep 08, 2020","56.05","56.05","56.05","56.05","-","-1.41%"
"Sep 09, 2020","56.25","56.25","56.25","56.25","-","0.36%"
"Sep 10, 2020","56.65","56.65","56.65","56.65","-","0.71%"
"Sep 11, 2020","56.95","56.95","56.95","56.95","-","0.53%"
"Sep 14, 2020","56.70","56.70","56.70","56.70","-","-0.44%"
"Sep 15, 2020","56.60","56.60","56.60","56.60","-","-0.18%"
"Sep 16, 2020","56.60","56.60","56.60","56.60","-","0.00%"
"Sep 17, 2020","56.70","56.70","56.70","56.70","-","0.18%"
"Sep 18, 2020","56.70","56.70","56.70","56.70","-","0.00%"
"Sep 21, 2020","56.80","56.80","56.80","56.80","-","0.18%"
"Sep 22, 2020","56.85","56.85","56.85","56.85","-","0.09%"
"Sep 23, 2020","57.20","57.20","57.20","57.20","0.04K","0.62%"
"Sep 24, 2020","57.25","57.25","57.25","57.25","-","0.09%"
"Sep 25, 2020","57.05","57.05","57.05","57.05","-","-0.35%"
"Sep 28, 2020","63.70","63.70","63.70","63.70","-","11.66%"
"Sep 29, 2020","63.00","63.00","63.00","63.00","-","-1.10%"
"Sep 30, 2020","62.30","62.30","62.30","62.30","0.01K","-1.11%"
"Oct 01, 2020","61.90","61.90","61.90","61.90","0.04K","-0.64%"
"Oct 02, 2020","61.40","61.40","61.40","61.40","-","-0.81%"
"Oct 05, 2020","61.45","61.45","61.45","61.45","0.01K","0.08%"
"Oct 06, 2020","60.80","60.80","60.80","60.80","0.02K","-1.06%"
"Oct 07, 2020","60.60","60.60","60.60","60.60","0.01K","-0.33%"
"Oct 08, 2020","60.75","60.75","60.75","60.75","-","0.25%"
"Oct 09, 2020","60.45","60.45","60.45","60.45","0.01K","-0.49%"
"Oct 12, 2020","59.40","59.40","59.40","59.40","-","-1.74%"
"Oct 13, 2020","59.35","59.35","59.35","59.35","-","-0.08%"
"Oct 14, 2020","59.30","59.30","59.30","59.30","-","-0.08%"
"Oct 15, 2020","59.20","59.20","59.20","59.20","-","-0.17%"
"Oct 16, 2020","59.30","59.30","59.30","59.30","-","0.17%"
"Oct 19, 2020","59.25","59.25","59.25","59.25","-","-0.08%"
"Oct 20, 2020","59.00","59.00","59.00","59.00","-","-0.42%"
"Oct 21, 2020","58.75","58.75","58.75","58.75","-","-0.42%"
"Oct 22, 2020","59.00","59.00","59.00","59.00","-","0.43%"
"Oct 23, 2020","59.20","59.20","59.20","59.20","-","0.34%"
"Oct 26, 2020","59.15","59.15","59.15","59.15","-","-0.08%"
"Oct 27, 2020","59.50","59.50","59.50","59.50","-","0.59%"
"Oct 28, 2020","59.45","59.45","59.45","59.45","-","-0.08%"
"Oct 29, 2020","59.25","59.25","59.25","59.25","-","-0.34%"
"Oct 30, 2020","59.20","59.20","59.20","59.20","-","-0.08%"
"Nov 02, 2020","60.90","60.90","60.90","60.90","-","2.87%"
"Nov 03, 2020","61.25","61.25","61.25","61.25","-","0.57%"
"Nov 04, 2020","61.45","61.45","61.45","61.45","-","0.33%"
"Nov 05, 2020","62.10","62.10","62.10","62.10","-","1.06%"
"Nov 06, 2020","62.70","62.70","62.70","62.70","0.02K","0.97%"
"Nov 09, 2020","64.10","64.10","64.10","64.10","-","2.23%"
"Nov 10, 2020","65.30","65.30","65.30","65.30","0.02K","1.87%"
"Nov 11, 2020","66.10","66.10","66.10","66.10","-","1.23%"
"Nov 12, 2020","67.00","67.00","67.00","67.00","-","1.36%"
"Nov 13, 2020","67.00","67.00","67.00","67.00","-","0.00%"
"Nov 16, 2020","66.80","66.80","66.80","66.80","-","-0.30%"
"Nov 17, 2020","66.90","66.90","66.90","66.90","-","0.15%"
"Nov 18, 2020","67.05","67.05","67.05","67.05","-","0.22%"
"Nov 19, 2020","67.50","67.50","67.50","67.50","-","0.67%"
"Nov 20, 2020","67.80","67.80","67.80","67.80","-","0.44%"
"Nov 23, 2020","68.40","68.40","68.40","68.40","-","0.88%"
"Nov 24, 2020","68.65","68.65","68.65","68.65","-","0.37%"
"Nov 25, 2020","68.95","68.95","68.95","68.95","-","0.44%"
"Nov 27, 2020","68.95","68.95","68.95","68.95","-","0.00%"
"Nov 30, 2020","84.00","84.00","84.00","84.00","0.01K","21.83%"
"Dec 01, 2020","84.05","84.05","84.05","84.05","-","0.06%"
"Dec 02, 2020","84.70","84.70","84.70","84.70","0.07K","0.77%"
"Dec 03, 2020","84.55","84.55","84.55","84.55","0.01K","-0.18%"
"Dec 04, 2020","84.00","84.00","84.00","84.00","-","-0.65%"
"Dec 07, 2020","81.80","81.80","81.80","81.80","-","-2.62%"
"Dec 08, 2020","80.20","80.20","80.20","80.20","0.01K","-1.96%"
"Dec 09, 2020","80.45","80.45","80.45","80.45","-","0.31%"
"Dec 10, 2020","82.45","82.45","82.45","82.45","0.02K","2.49%"
"Dec 11, 2020","87.40","87.40","87.40","87.40","0.02K","6.00%"
"Dec 14, 2020","88.00","88.00","88.00","88.00","-","0.69%"
"Dec 15, 2020","89.85","89.85","89.85","89.85","-","2.10%"
"Dec 16, 2020","89.85","89.85","89.85","89.85","-","0.00%"
"Dec 17, 2020","89.75","89.75","89.75","89.75","-","-0.11%"
"Dec 18, 2020","90.00","90.00","90.00","90.00","-","0.28%"
"Dec 21, 2020","90.00","90.00","90.00","90.00","-","0.00%"
"Dec 22, 2020","90.00","90.00","90.00","90.00","-","0.00%"
"Dec 23, 2020","90.05","90.05","90.05","90.05","-","0.06%"
"Dec 24, 2020","90.35","90.35","90.35","90.35","-","0.33%"
"Dec 28, 2020","90.35","90.35","90.35","90.35","-","0.00%"
"Dec 29, 2020","90.35","90.35","90.35","90.35","-","0.00%"
"Jan 04, 2021","86.35","86.35","86.35","86.35","-","-4.43%"
"Jan 05, 2021","85.85","85.85","85.85","85.85","-","-0.58%"
"Jan 06, 2021","86.00","86.00","86.00","86.00","-","0.17%"
"Jan 07, 2021","89.00","89.00","89.00","89.00","0.00K","3.49%"
"Jan 08, 2021","89.75","89.75","89.75","89.75","0.02K","0.84%"
"Jan 11, 2021","90.30","90.30","90.30","90.30","-","0.61%"
"Jan 12, 2021","93.45","93.45","93.45","93.45","-","3.49%"
"Jan 13, 2021","93.30","93.30","93.30","93.30","0.00K","-0.16%"
"Jan 14, 2021","92.15","92.15","92.15","92.15","-","-1.23%"
"Jan 15, 2021","92.00","92.00","92.00","92.00","0.00K","-0.16%"
"Jan 19, 2021","91.40","91.40","91.40","91.40","0.00K","-0.65%"
"Jan 20, 2021","91.00","91.00","91.00","91.00","-","-0.44%"
"Jan 21, 2021","91.00","91.00","91.00","91.00","-","0.00%"
"Jan 22, 2021","90.75","90.75","90.75","90.75","-","-0.27%"
"Jan 25, 2021","90.65","90.65","90.65","90.65","-","-0.11%"
"Jan 26, 2021","90.95","90.95","90.95","90.95","-","0.33%"
"Jan 27, 2021","90.95","90.95","90.95","90.95","-","0.00%"
"Jan 28, 2021","91.00","91.00","91.00","91.00","-","0.05%"
"Jan 29, 2021","90.45","90.45","90.45","90.45","-","-0.60%"
"Feb 01, 2021","83.25","83.25","83.25","83.25","-","-7.96%"
"Feb 02, 2021","82.25","82.25","82.25","82.25","-","-1.20%"
"Feb 03, 2021","81.90","81.90","81.90","81.90","-","-0.43%"
"Feb 04, 2021","84.90","84.90","84.90","84.90","-","3.66%"
"Feb 05, 2021","86.40","86.40","86.40","86.40","-","1.77%"
"Feb 08, 2021","87.35","87.35","87.35","87.35","-","1.10%"
"Feb 09, 2021","87.50","87.50","87.50","87.50","-","0.17%"
"Feb 10, 2021","88.25","88.25","88.25","88.25","-","0.86%"
"Feb 11, 2021","88.65","88.65","88.65","88.65","0.01K","0.45%"
"Feb 12, 2021","88.75","88.75","88.75","88.75","-","0.11%"
"Feb 16, 2021","88.95","88.95","88.95","88.95","-","0.23%"
"Feb 17, 2021","88.75","88.75","88.75","88.75","-","-0.22%"
"Feb 18, 2021","88.65","88.65","88.65","88.65","-","-0.11%"
"Feb 19, 2021","88.85","88.85","88.85","88.85","-","0.23%"
"Feb 22, 2021","88.25","88.25","88.25","88.25","-","-0.68%"
"Feb 23, 2021","87.95","87.95","87.95","87.95","-","-0.34%"
"Feb 24, 2021","87.85","87.85","87.85","87.85","-","-0.11%"
"Feb 25, 2021","87.85","87.85","87.85","87.85","-","0.00%"
"Feb 26, 2021","87.25","87.25","87.25","87.25","-","-0.68%"
"Mar 01, 2021","85.65","85.65","85.65","85.65","0.01K","-1.83%"
"Mar 02, 2021","87.75","87.75","87.75","87.75","0.01K","2.45%"
"Mar 03, 2021","88.60","88.60","88.60","88.60","-","0.97%"
"Mar 04, 2021","87.45","87.45","87.45","87.45","0.01K","-1.30%"
"Mar 05, 2021","87.50","87.50","87.50","87.50","-","0.06%"
"Mar 08, 2021","87.40","87.40","87.40","87.40","-","-0.11%"
"Mar 09, 2021","87.50","87.50","87.50","87.50","-","0.11%"
"Mar 10, 2021","87.75","87.75","87.75","87.75","-","0.29%"
"Mar 11, 2021","88.85","88.85","88.85","88.85","-","1.25%"
"Mar 12, 2021","90.10","90.10","90.10","90.10","-","1.41%"
"Mar 15, 2021","91.05","91.05","91.05","91.05","-","1.05%"
"Mar 16, 2021","91.50","91.50","91.50","91.50","-","0.49%"
"Mar 17, 2021","92.85","92.85","92.85","92.85","0.03K","1.48%"
"Mar 18, 2021","93.60","93.60","93.60","93.60","-","0.81%"
"Mar 19, 2021","94.15","94.15","94.15","94.15","-","0.59%"
"Mar 22, 2021","94.55","94.55","94.55","94.55","-","0.42%"
"Mar 23, 2021","94.50","94.50","94.50","94.50","-","-0.05%"
"Mar 24, 2021","94.50","94.50","94.50","94.50","-","0.00%"
"Mar 25, 2021","94.50","94.50","94.50","94.50","-","0.00%"
"Mar 26, 2021","94.75","94.75","94.75","94.75","-","0.26%"
"Mar 29, 2021","95.00","95.00","95.00","95.00","-","0.26%"
"Mar 30, 2021","94.75","94.75","94.75","94.75","-","-0.26%"
"Mar 31, 2021","97.00","97.00","97.00","97.00","-","2.37%"
"Apr 01, 2021","97.00","97.00","97.00","97.00","-","0.00%"
"Apr 05, 2021","97.00","97.00","97.00","97.00","-","0.00%"
"Apr 06, 2021","97.00","97.00","97.00","97.00","-","0.00%"
"Apr 07, 2021","97.50","97.50","97.50","97.50","-","0.52%"
"Apr 08, 2021","95.70","95.70","95.70","95.70","0.01K","-1.85%"
"Apr 09, 2021","95.15","95.15","95.15","95.15","-","-0.57%"
"Apr 12, 2021","94.50","94.50","94.50","94.50","-","-0.68%"
"Apr 13, 2021","94.85","94.85","94.85","94.85","-","0.37%"
"Apr 14, 2021","94.15","94.15","94.15","94.15","-","-0.74%"
"Apr 15, 2021","92.45","92.45","92.45","92.45","-","-1.81%"
"Apr 16, 2021","94.35","94.35","94.35","94.35","-","2.06%"
"Apr 19, 2021","93.90","93.90","93.90","93.90","-","-0.48%"
"Apr 20, 2021","93.55","93.55","93.55","93.55","-","-0.37%"
"Apr 21, 2021","93.55","93.55","93.55","93.55","-","0.00%"
"Apr 22, 2021","93.10","93.10","93.10","93.10","-","-0.48%"
"Apr 23, 2021","92.95","92.95","92.95","92.95","-","-0.16%"
"Apr 26, 2021","92.60","92.60","92.60","92.60","-","-0.38%"
"Apr 27, 2021","92.85","92.85","92.85","92.85","-","0.27%"
"Apr 28, 2021","92.85","92.85","92.85","92.85","-","0.00%"
"Apr 29, 2021","93.00","93.00","93.00","93.00","-","0.16%"
"Apr 30, 2021","93.25","93.25","93.25","93.25","-","0.27%"
"May 03, 2021","93.50","93.50","93.50","93.50","-","0.27%"
"May 04, 2021","95.15","95.15","95.15","95.15","-","1.76%"
"May 05, 2021","96.75","96.75","96.75","96.75","-","1.68%"
"May 06, 2021","99.65","99.65","99.65","99.65","-","3.00%"
"May 07, 2021","99.40","99.40","99.40","99.40","-","-0.25%"
"May 10, 2021","100.15","100.15","100.15","100.15","-","0.75%"
"May 11, 2021","100.85","100.85","100.85","100.85","-","0.70%"
"May 12, 2021","102.60","102.60","102.60","102.60","-","1.74%"
"May 13, 2021","103.85","103.85","103.85","103.85","-","1.22%"
"May 14, 2021","103.15","103.15","103.15","103.15","-","-0.67%"
"May 17, 2021","102.00","102.00","102.00","102.00","-","-1.11%"
"May 18, 2021","102.65","102.65","102.65","102.65","-","0.64%"
"May 19, 2021","101.90","101.90","101.90","101.90","-","-0.73%"
"May 20, 2021","103.30","103.30","103.30","103.30","-","1.37%"
"May 21, 2021","103.30","103.30","103.30","103.30","-","0.00%"
"May 24, 2021","104.05","104.05","104.05","104.05","-","0.73%"
"May 25, 2021","104.55","104.55","104.55","104.55","-","0.48%"
"May 26, 2021","105.15","105.15","105.15","105.15","-","0.57%"
"May 27, 2021","105.15","105.15","105.15","105.15","-","0.00%"
"May 28, 2021","105.40","105.40","105.40","105.40","-","0.24%"
"Jun 01, 2021","111.65","111.65","111.65","111.65","-","5.93%"
"Jun 02, 2021","111.75","111.75","111.75","111.75","-","0.09%"
"Jun 03, 2021","112.75","112.75","112.75","112.75","-","0.89%"
"Jun 04, 2021","111.40","111.40","111.40","111.40","-","-1.20%"
"Jun 07, 2021","113.90","113.90","113.90","113.90","-","2.24%"
"Jun 08, 2021","116.40","116.40","116.40","116.40","-","2.19%"
"Jun 09, 2021","116.65","116.65","116.65","116.65","-","0.21%"
"Jun 10, 2021","115.65","115.65","115.65","115.65","-","-0.86%"
"Jun 11, 2021","115.70","115.70","115.70","115.70","-","0.04%"
"Jun 14, 2021","115.15","115.15","115.15","115.15","-","-0.48%"
"Jun 15, 2021","114.30","114.30","114.30","114.30","-","-0.74%"
"Jun 16, 2021","114.15","114.15","114.15","114.15","-","-0.13%"
"Jun 17, 2021","114.15","114.15","114.15","114.15","-","0.00%"
"Jun 18, 2021","114.60","114.60","114.60","114.60","-","0.39%"
"Jun 21, 2021","115.05","115.05","115.05","115.05","-","0.39%"
"Jun 22, 2021","116.05","116.05","116.05","116.05","-","0.87%"
"Jun 23, 2021","116.05","116.05","116.05","116.05","-","0.00%"
"Jun 24, 2021","116.05","116.05","116.05","116.05","-","0.00%"
"Jun 25, 2021","115.45","115.45","115.45","115.45","-","-0.52%"
"Jun 28, 2021","114.15","114.15","114.15","114.15","-","-1.13%"
"Jun 29, 2021","113.85","113.85","113.85","113.85","-","-0.26%"
"Jun 30, 2021","115.15","115.15","115.15","115.15","0.01K","1.14%"
"Jul 01, 2021","117.25","117.25","117.25","117.25","-","1.82%"
"Jul 02, 2021","117.75","117.75","117.75","117.75","-","0.43%"
"Jul 06, 2021","117.10","117.10","117.10","117.10","-","-0.55%"
"Jul 07, 2021","117.00","117.00","117.00","117.00","-","-0.09%"
"Jul 08, 2021","117.50","117.50","117.50","117.50","-","0.43%"
"Jul 09, 2021","117.50","117.50","117.50","117.50","-","0.00%"
"Jul 12, 2021","118.00","118.00","118.00","118.00","-","0.43%"
"Jul 13, 2021","120.25","120.25","120.25","120.25","0.05K","1.91%"
"Jul 14, 2021","119.85","119.85","119.85","119.85","-","-0.33%"
"Jul 15, 2021","121.05","121.05","121.05","121.05","0.03K","1.00%"
"Jul 16, 2021","122.90","122.90","122.90","122.90","-","1.53%"
"Jul 19, 2021","123.65","123.65","123.65","123.65","-","0.61%"
"Jul 20, 2021","122.90","122.90","122.90","122.90","-","-0.61%"
"Jul 21, 2021","122.95","122.95","122.95","122.95","-","0.04%"
"Jul 22, 2021","122.95","122.95","122.95","122.95","0.01K","0.00%"
"Jul 23, 2021","122.95","122.95","122.95","122.95","-","0.00%"
"Jul 26, 2021","123.15","123.15","123.15","123.15","-","0.16%"
"Jul 27, 2021","122.95","122.95","122.95","122.95","-","-0.16%"
"Jul 28, 2021","122.95","122.95","122.95","122.95","-","0.00%"
"Jul 29, 2021","122.45","122.45","122.45","122.45","-","-0.41%"
"Jul 30, 2021","122.35","122.35","122.35","122.35","-","-0.08%"
"Aug 02, 2021","132.50","132.50","132.50","132.50","-","8.30%"
"Aug 03, 2021","132.75","132.75","132.75","132.75","-","0.19%"
"Aug 04, 2021","133.65","133.65","133.65","133.65","-","0.68%"
"Aug 05, 2021","134.30","134.30","134.30","134.30","-","0.49%"
"Aug 06, 2021","135.75","135.75","135.75","135.75","0.03K","1.08%"
"Aug 09, 2021","135.85","135.85","135.85","135.85","-","0.07%"
"Aug 10, 2021","136.25","136.25","136.25","136.25","-","0.29%"
"Aug 11, 2021","136.85","136.85","136.85","136.85","-","0.44%"
"Aug 12, 2021","137.15","137.15","137.15","137.15","-","0.22%"
"Aug 13, 2021","137.45","137.45","137.45","137.45","-","0.22%"
"Aug 16, 2021","138.00","138.00","138.00","138.00","-","0.40%"
"Aug 17, 2021","137.65","137.65","137.65","137.65","-","-0.25%"
"Aug 18, 2021","137.90","137.90","137.90","137.90","-","0.18%"
"Aug 19, 2021","138.25","138.25","138.25","138.25","-","0.25%"
"Aug 20, 2021","137.40","137.40","137.40","137.40","-","-0.61%"
"Aug 23, 2021","138.50","138.50","138.50","138.50","-","0.80%"
"Aug 24, 2021","138.75","138.75","138.75","138.75","-","0.18%"
"Aug 25, 2021","138.90","138.90","138.90","138.90","-","0.11%"
"Aug 26, 2021","138.25","138.25","138.25","138.25","-","-0.47%"
"Aug 27, 2021","138.05","138.05","138.05","138.05","-","-0.14%"
"Aug 30, 2021","143.40","143.40","143.40","143.40","-","3.88%"
"Aug 31, 2021","147.60","147.60","147.60","147.60","0.01K","2.93%"
"Sep 01, 2021","150.65","150.65","150.65","150.65","-","2.07%"
"Sep 02, 2021","152.85","152.85","152.85","152.85","-","1.46%"
"Sep 03, 2021","153.40","153.40","153.40","153.40","-","0.36%"
"Sep 07, 2021","152.15","152.15","152.15","152.15","-","-0.81%"
"Sep 08, 2021","152.15","152.15","152.15","152.15","-","0.00%"
"Sep 09, 2021","153.45","153.45","153.45","153.45","-","0.85%"
"Sep 10, 2021","153.85","153.85","153.85","153.85","-","0.26%"
"Sep 13, 2021","154.65","154.65","154.65","154.65","-","0.52%"
"Sep 14, 2021","154.40","154.40","154.40","154.40","-","-0.16%"
"Sep 15, 2021","154.25","154.25","154.25","154.25","-","-0.10%"
"Sep 16, 2021","153.15","153.15","153.15","153.15","-","-0.71%"
"Sep 17, 2021","155.00","155.00","155.00","155.00","-","1.21%"
"Sep 20, 2021","154.35","154.35","154.35","154.35","-","-0.42%"
"Sep 21, 2021","154.50","154.50","154.50","154.50","-","0.10%"
"Sep 22, 2021","155.40","155.40","155.40","155.40","-","0.58%"
"Sep 23, 2021","155.00","155.00","155.00","155.00","-","-0.26%"
"Sep 24, 2021","155.80","155.80","155.80","155.80","-","0.52%"
"Sep 27, 2021","184.05","184.05","184.05","184.05","0.01K","18.13%"
"Sep 28, 2021","191.65","191.65","191.65","191.65","-","4.13%"
"Sep 29, 2021","193.55","193.55","193.55","193.55","0.01K","0.99%"
"Sep 30, 2021","200.40","200.40","200.40","200.40","0.02K","3.54%"
"Oct 01, 2021","211.90","211.90","211.90","211.90","-","5.74%"
"Oct 04, 2021","211.90","211.90","211.90","211.90","-","0.00%"
"Oct 05, 2021","238.00","238.00","238.00","238.00","-","12.32%"
"Oct 06, 2021","209.00","209.00","209.00","209.00","-","-12.18%"
"Oct 07, 2021","216.65","216.65","216.65","216.65","-","3.66%"
"Oct 08, 2021","221.65","221.65","221.65","221.65","0.01K","2.31%"
"Oct 11, 2021","230.90","230.90","230.90","230.90","-","4.17%"
"Oct 12, 2021","230.25","230.25","230.25","230.25","-","-0.28%"
"Oct 13, 2021","231.35","231.35","231.35","231.35","-","0.48%"
"Oct 14, 2021","231.25","231.25","231.25","231.25","-","-0.04%"
"Oct 15, 2021","227.35","227.35","227.35","227.35","-","-1.69%"
"Oct 18, 2021","225.90","225.90","225.90","225.90","-","-0.64%"
"Oct 19, 2021","225.90","225.90","225.90","225.90","-","0.00%"
"Oct 20, 2021","224.50","224.50","224.50","224.50","-","-0.62%"
"Oct 21, 2021","216.65","216.65","216.65","216.65","-","-3.50%"
"Oct 22, 2021","215.50","215.50","215.50","215.50","-","-0.53%"
"Oct 25, 2021","220.00","220.00","220.00","220.00","-","2.09%"
"Oct 26, 2021","220.00","220.00","220.00","220.00","-","0.00%"
"Oct 27, 2021","220.00","220.00","220.00","220.00","-","0.00%"
"Oct 28, 2021","220.35","220.35","220.35","220.35","-","0.16%"
"Oct 29, 2021","210.00","210.00","210.00","210.00","-","-4.70%"
"Nov 01, 2021","129.90","129.90","129.90","129.90","-","-38.14%"
"Nov 02, 2021","120.50","120.50","120.50","120.50","0.03K","-7.24%"
"Nov 03, 2021","138.50","138.50","138.50","138.50","0.11K","14.94%"
"Nov 04, 2021","145.00","145.00","145.00","145.00","0.03K","4.69%"
"Nov 05, 2021","143.75","143.75","143.75","143.75","-","-0.86%"
"Nov 08, 2021","149.00","149.00","149.00","149.00","-","3.65%"
"Nov 09, 2021","146.00","146.00","146.00","146.00","-","-2.01%"
"Nov 10, 2021","139.50","139.50","139.50","139.50","-","-4.45%"
"Nov 11, 2021","136.75","136.75","136.75","136.75","-","-1.97%"
"Nov 12, 2021","130.00","130.00","130.00","130.00","-","-4.94%"